KiAuto:Waiting for `['GTK:Window Title:', 'PANGO:0:']` starts=True times=1
* wrapping fopen64
IO:open:/proc/filesystems
IO:fopen64:re
* wrapping fclose
* next_func : 0x7f9693487e90
IO:close:/proc/filesystems
* wrapping open64
IO:open:/usr/share/drirc.d/00-mesa-defaults.conf
IO:open64:0x8D04A640
* wrapping close
IO:close:/usr/share/drirc.d/00-mesa-defaults.conf
IO:open:/etc/drirc
IO:open64:0x8D04A640
IO:open:/root/.drirc
IO:open64:0x8D04A640
IO:open:/sys/devices/system/cpu/cpu0/cpu_capacity
IO:open64:0x0
IO:close:/sys/devices/system/cpu/cpu0/cpu_capacity
IO:open:/sys/devices/system/cpu/cpu1/cpu_capacity
IO:open64:0x0
IO:close:/sys/devices/system/cpu/cpu1/cpu_capacity
IO:open:/sys/devices/system/cpu/cpu2/cpu_capacity
IO:open64:0x0
IO:close:/sys/devices/system/cpu/cpu2/cpu_capacity
IO:open:/sys/devices/system/cpu/cpu3/cpu_capacity
IO:open64:0x0
IO:close:/sys/devices/system/cpu/cpu3/cpu_capacity
IO:open:/sys/devices/system/cpu/cpu4/cpu_capacity
IO:open64:0x0
IO:close:/sys/devices/system/cpu/cpu4/cpu_capacity
IO:open:/sys/devices/system/cpu/cpu5/cpu_capacity
IO:open64:0x0
IO:close:/sys/devices/system/cpu/cpu5/cpu_capacity
IO:open:/sys/devices/system/cpu/cpu6/cpu_capacity
IO:open64:0x0
IO:close:/sys/devices/system/cpu/cpu6/cpu_capacity
IO:open:/sys/devices/system/cpu/cpu7/cpu_capacity
IO:open64:0x0
IO:close:/sys/devices/system/cpu/cpu7/cpu_capacity
IO:open:/sys/devices/system/cpu/cpu8/cpu_capacity
IO:open64:0x0
IO:close:/sys/devices/system/cpu/cpu8/cpu_capacity
IO:open:/sys/devices/system/cpu/cpu9/cpu_capacity
IO:open64:0x0
IO:close:/sys/devices/system/cpu/cpu9/cpu_capacity
IO:open:/sys/devices/system/cpu/cpu10/cpu_capacity
IO:open64:0x0
IO:close:/sys/devices/system/cpu/cpu10/cpu_capacity
IO:open:/sys/devices/system/cpu/cpu11/cpu_capacity
IO:open64:0x0
IO:close:/sys/devices/system/cpu/cpu11/cpu_capacity
IO:open:/sys/devices/system/cpu/cpu12/cpu_capacity
IO:open64:0x0
IO:close:/sys/devices/system/cpu/cpu12/cpu_capacity
IO:open:/sys/devices/system/cpu/cpu13/cpu_capacity
IO:open64:0x0
IO:close:/sys/devices/system/cpu/cpu13/cpu_capacity
IO:open:/sys/devices/system/cpu/cpu14/cpu_capacity
IO:open64:0x0
IO:close:/sys/devices/system/cpu/cpu14/cpu_capacity
IO:open:/sys/devices/system/cpu/cpu15/cpu_capacity
IO:open64:0x0
IO:close:/sys/devices/system/cpu/cpu15/cpu_capacity
IO:open:/dev/udmabuf
IO:open64:0x20
IO:open:/usr/share/drirc.d/00-mesa-defaults.conf
IO:open64:0x8D04A640
IO:close:/usr/share/drirc.d/00-mesa-defaults.conf
IO:open:/etc/drirc
IO:open64:0x8D04A640
IO:open:/root/.drirc
IO:open64:0x8D04A640
* wrapping open
IO:open:/root/.Xdefaults
IO:open:0xFFB
IO:open:/root/.Xdefaults-9776d0dbe438
IO:open:0xB
IO:open:/root/.Xdefaults
IO:open:0xFFB
IO:open:/root/.Xdefaults-9776d0dbe438
IO:open:0xB
IO:open:/root/.Xdefaults
IO:open:0xFFB
IO:open:/root/.Xdefaults-9776d0dbe438
IO:open:0xB
IO:open:/root/.Xdefaults
IO:open:0xFFB
IO:open:/root/.Xdefaults-9776d0dbe438
IO:open:0xB
IO:open:/root/.Xdefaults
IO:open:0xFFB
IO:open:/root/.Xdefaults-9776d0dbe438
IO:open:0xB
IO:close:socket:[972617]
IO:open:/var/lib/dbus/machine-id
IO:open64:0x397DE8F0
IO:close:/var/lib/dbus/machine-id
IO:close:pipe:[972619]
IO:close:pipe:[972620]
IO:open:/dev/null
IO:open64:0x935F8698
IO:close:/dev/null
IO:close:pipe:[972619]
IO:close:pipe:[972620]
IO:close:pipe:[972619]
IO:close:pipe:[972620]
IO:open:/var/lib/dbus/machine-id
IO:open64:0x0
IO:close:/var/lib/dbus/machine-id
IO:close:pipe:[972626]
IO:close:pipe:[972626]
IO:close:pipe:[972624]
IO:close:pipe:[972625]
IO:open:/dev/null
IO:open64:0x8
IO:close:/dev/null
IO:open:/usr/lib/x86_64-linux-gnu/charset.alias
IO:fopen64:r
IO:close:pipe:[972624]
IO:close:pipe:[972624]
IO:close:pipe:[972625]
IO:close:pipe:[972625]
IO:close:pipe:[972626]
* wrapping fopen
IO:open:/etc/ssl/certs/ca-certificates.crt
IO:fopen:rb
IO:close:/etc/ssl/certs/ca-certificates.crt
IO:open:/usr/lib/ssl/openssl.cnf
IO:fopen64:rb
IO:close:/etc/ssl/openssl.cnf
IO:open:/tmp/org.kicad.kicad/instances/pcbnew-9.0
IO:open64:0x180
IO:open:/tmp/org.kicad.kicad/instances/pcbnew-9.0
IO:open64:0x1B6
IO:open:/tmp/org.kicad.kicad/instances/pcbnew-9.0
IO:open64:0x180
IO:close:/tmp/org.kicad.kicad/instances/pcbnew-9.0 (deleted)
IO:open:/usr/share/kicad/schemas/api.v1.schema.json
IO:fopen:r
IO:close:/usr/share/kicad/schemas/api.v1.schema.json
IO:open:/root/.config/kicad/9.0/colors/user.json
IO:fopen64:rt
IO:close:/root/.config/kicad/9.0/colors/user.json
IO:open:/root/.config/kicad/9.0/kicad_common.json
IO:fopen64:rt
IO:close:/root/.config/kicad/9.0/kicad_common.json
IO:open:/root/.cache/kicad/9.0/notifications.json
IO:fopen:r
IO:open:/usr/pyvenv.cfg
IO:fopen64:rb
IO:open:/usr/bin/pyvenv.cfg
IO:fopen64:rb
IO:open:/usr/bin/python3._pth
IO:fopen64:rb
IO:open:/usr/bin/python3.13._pth
IO:fopen64:rb
IO:open:/usr/bin/pybuilddir.txt
IO:fopen64:rb
IO:open:/usr/lib/python3.13/encodings/__pycache__/__init__.cpython-313.pyc
IO:open64:0x1B6
IO:close:/usr/lib/python3.13/encodings/__pycache__/__init__.cpython-313.pyc
IO:open:/usr/lib/python3.13/encodings/__pycache__/aliases.cpython-313.pyc
IO:open64:0x1B6
IO:close:/usr/lib/python3.13/encodings/__pycache__/aliases.cpython-313.pyc
IO:open:/usr/lib/python3.13/encodings/__pycache__/ascii.cpython-313.pyc
IO:open64:0x1B6
IO:close:/usr/lib/python3.13/encodings/__pycache__/ascii.cpython-313.pyc
IO:open:/usr/lib/python3.13/__pycache__/sitecustomize.cpython-313.pyc
IO:open64:0x1B6
IO:close:/usr/lib/python3.13/__pycache__/sitecustomize.cpython-313.pyc
IO:open:/usr/lib/x86_64-linux-gnu/gio/modules/giomodule.cache
IO:open64:0x0
IO:close:/usr/lib/x86_64-linux-gnu/gio/modules/giomodule.cache
IO:open:/usr/lib/x86_64-linux-gnu/gdk-pixbuf-2.0/2.10.0/loaders.cache
IO:open64:0x1B6
IO:close:/usr/lib/x86_64-linux-gnu/gdk-pixbuf-2.0/2.10.0/loaders.cache
IO:open:/root/.config/kicad/9.0/kicad.json
IO:fopen64:rt
IO:close:/root/.config/kicad/9.0/kicad.json
IO:open:/proc/meminfo
IO:fopen:r
IO:close:/proc/meminfo
IO:open:/proc/sys/vm/nr_hugepages
IO:fopen:r
IO:close:/proc/sys/vm/nr_hugepages
IO:open:/sys/kernel/mm/transparent_hugepage/enabled
IO:fopen:r
IO:close:/sys/kernel/mm/transparent_hugepage/enabled
IO:open:/root/.config/kicad/9.0/3d_viewer.json
IO:fopen64:rt
IO:close:/root/.config/kicad/9.0/3d_viewer.json
IO:open:/root/.config/kicad/9.0/pcbnew.json
IO:fopen64:rt
IO:close:/root/.config/kicad/9.0/pcbnew.json
IO:open:/root/.config/kicad/9.0/fp-lib-table
IO:fopen64:rt
IO:close:/root/.config/kicad/9.0/fp-lib-table
* wrapping window title change
GTK:Window Title:PCB Editor
KiAuto:match
KiAuto:Waiting for `['GTK:Window Title:', 'PANGO:0:']` starts=True times=1
* wrapping widget show
IO:close:/etc/fonts/fonts.conf
IO:close:/usr/share/fontconfig/conf.avail/10-hinting-slight.conf
IO:close:/usr/share/fontconfig/conf.avail/10-scale-bitmap-fonts.conf
IO:close:/usr/share/fontconfig/conf.avail/10-sub-pixel-none.conf
IO:close:/usr/share/fontconfig/conf.avail/10-yes-antialias.conf
IO:close:/usr/share/fontconfig/conf.avail/11-lcdfilter-default.conf
IO:close:/etc/fonts/conf.avail/20-unhint-small-dejavu-lgc-sans-mono.conf
IO:close:/etc/fonts/conf.avail/20-unhint-small-dejavu-lgc-sans.conf
IO:close:/etc/fonts/conf.avail/20-unhint-small-dejavu-lgc-serif.conf
IO:close:/etc/fonts/conf.avail/20-unhint-small-dejavu-sans-mono.conf
IO:close:/etc/fonts/conf.avail/20-unhint-small-dejavu-sans.conf
IO:close:/etc/fonts/conf.avail/20-unhint-small-dejavu-serif.conf
IO:close:/usr/share/fontconfig/conf.avail/20-unhint-small-vera.conf
IO:close:/usr/share/fontconfig/conf.avail/30-metric-aliases.conf
IO:close:/usr/share/fontconfig/conf.avail/40-nonlatin.conf
IO:close:/usr/share/fontconfig/conf.avail/45-generic.conf
IO:close:/usr/share/fontconfig/conf.avail/45-latin.conf
IO:close:/usr/share/fontconfig/conf.avail/48-spacing.conf
IO:close:/usr/share/fontconfig/conf.avail/49-sansserif.conf
IO:close:/usr/share/fontconfig/conf.avail/50-user.conf
IO:close:/usr/share/fontconfig/conf.avail/51-local.conf
IO:close:/etc/fonts/conf.avail/57-dejavu-sans-mono.conf
IO:close:/etc/fonts/conf.avail/57-dejavu-sans.conf
IO:close:/etc/fonts/conf.avail/57-dejavu-serif.conf
IO:close:/etc/fonts/conf.avail/58-dejavu-lgc-sans-mono.conf
IO:close:/etc/fonts/conf.avail/58-dejavu-lgc-sans.conf
IO:close:/etc/fonts/conf.avail/58-dejavu-lgc-serif.conf
IO:close:/usr/share/fontconfig/conf.avail/60-generic.conf
IO:close:/usr/share/fontconfig/conf.avail/60-latin.conf
IO:close:/usr/share/fontconfig/conf.avail/urw-bookman.conf
IO:close:/usr/share/fontconfig/conf.avail/urw-c059.conf
IO:close:/usr/share/fontconfig/conf.avail/urw-d050000l.conf
IO:close:/usr/share/fontconfig/conf.avail/urw-fallback-backwards.conf
IO:close:/usr/share/fontconfig/conf.avail/urw-fallback-generics.conf
IO:close:/usr/share/fontconfig/conf.avail/urw-gothic.conf
IO:close:/usr/share/fontconfig/conf.avail/urw-nimbus-mono-ps.conf
IO:close:/usr/share/fontconfig/conf.avail/urw-nimbus-roman.conf
IO:close:/usr/share/fontconfig/conf.avail/urw-nimbus-sans.conf
IO:close:/usr/share/fontconfig/conf.avail/urw-p052.conf
IO:close:/usr/share/fontconfig/conf.avail/urw-standard-symbols-ps.conf
IO:close:/usr/share/fontconfig/conf.avail/urw-z003.conf
IO:close:/usr/share/fontconfig/conf.avail/65-fonts-persian.conf
IO:close:/usr/share/fontconfig/conf.avail/65-nonlatin.conf
IO:close:/usr/share/fontconfig/conf.avail/69-unifont.conf
IO:close:/usr/share/fontconfig/conf.avail/70-no-bitmaps-except-emoji.conf
IO:close:/usr/share/fontconfig/conf.avail/80-delicious.conf
IO:close:/usr/share/fontconfig/conf.avail/90-synthetic.conf
IO:close:/usr/share/fontconfig/conf.avail/05-reset-dirs-sample.conf
IO:close:/usr/share/fontconfig/conf.avail/09-autohint-if-no-hinting.conf
IO:close:/usr/share/fontconfig/conf.avail/10-autohint.conf
IO:close:/usr/share/fontconfig/conf.avail/10-hinting-full.conf
IO:close:/usr/share/fontconfig/conf.avail/10-hinting-medium.conf
IO:close:/usr/share/fontconfig/conf.avail/10-hinting-none.conf
IO:close:/usr/share/fontconfig/conf.avail/10-no-antialias.conf
IO:close:/usr/share/fontconfig/conf.avail/10-sub-pixel-bgr.conf
IO:close:/usr/share/fontconfig/conf.avail/10-sub-pixel-rgb.conf
IO:close:/usr/share/fontconfig/conf.avail/10-sub-pixel-vbgr.conf
IO:close:/usr/share/fontconfig/conf.avail/10-sub-pixel-vrgb.conf
IO:close:/usr/share/fontconfig/conf.avail/10-unhinted.conf
IO:close:/usr/share/fontconfig/conf.avail/11-lcdfilter-legacy.conf
IO:close:/usr/share/fontconfig/conf.avail/11-lcdfilter-light.conf
IO:close:/usr/share/fontconfig/conf.avail/11-lcdfilter-none.conf
IO:close:/usr/share/fontconfig/conf.avail/25-unhint-nonlatin.conf
IO:close:/usr/share/fontconfig/conf.avail/35-lang-normalize.conf
IO:close:/usr/share/fontconfig/conf.avail/65-khmer.conf
IO:close:/usr/share/fontconfig/conf.avail/70-force-bitmaps.conf
IO:close:/usr/share/fontconfig/conf.avail/70-no-bitmaps-and-emoji.conf
IO:close:/usr/share/fontconfig/conf.avail/70-no-bitmaps.conf
IO:close:/usr/share/fontconfig/conf.avail/70-yes-bitmaps.conf
IO:close:/usr/local/share/fonts
IO:close:/var/cache/fontconfig/4c599c202bc5c08e2d34565a40eac3b2-le64.cache-9
IO:close:/usr/share/fonts
IO:close:/var/cache/fontconfig/3830d5c3ddfd5cd38a049b759396e72e-le64.cache-9
IO:close:/usr/share/fonts/X11
IO:close:/var/cache/fontconfig/c855463f699352c367813e37f3f70ea7-le64.cache-9
IO:close:/usr/share/fonts/cMap
IO:close:/var/cache/fontconfig/32b6488e5b8292a2e95c79d947e009e8-le64.cache-9
IO:close:/usr/share/fonts/cmap
IO:close:/var/cache/fontconfig/57e423e26b20ab21d0f2f29c145174c3-le64.cache-9
IO:close:/usr/share/fonts/opentype
IO:close:/var/cache/fontconfig/573ec803664ed168555e0e8b6d0f0c7f-le64.cache-9
IO:close:/usr/share/fonts/truetype
IO:close:/var/cache/fontconfig/7ef2298fde41cc6eeb7af42e48b7d293-le64.cache-9
IO:close:/usr/share/fonts/type1
IO:close:/var/cache/fontconfig/d82eb4fd963d448e2fcb7d7b793b5df3-le64.cache-9
IO:close:/usr/share/fonts/X11/Type1
IO:close:/var/cache/fontconfig/e13b20fdb08344e0e664864cc2ede53d-le64.cache-9
IO:close:/usr/share/fonts/X11/encodings
IO:close:/var/cache/fontconfig/707971e003b4ae6c8121c3a920e507f5-le64.cache-9
IO:close:/usr/share/fonts/X11/util
IO:close:/var/cache/fontconfig/fe547fea3a41b43a38975d292a2b19c7-le64.cache-9
IO:close:/usr/share/poppler/cMap/Adobe-CNS1
IO:close:/var/cache/fontconfig/f1f2465696798768e9653f19e17ccdc8-le64.cache-9
IO:close:/usr/share/poppler/cMap/Adobe-GB1
IO:close:/var/cache/fontconfig/95530828ff6c81d309f8258d8d02a23e-le64.cache-9
IO:close:/usr/share/poppler/cMap/Adobe-Japan1
IO:close:/var/cache/fontconfig/d3e5c4ee2ceb1fc347f91d4cefc53bc0-le64.cache-9
IO:close:/usr/share/poppler/cMap/Adobe-Japan2
IO:close:/var/cache/fontconfig/e52a45a1c8c8fe895fc0fc8c4e6999b8-le64.cache-9
IO:close:/usr/share/poppler/cMap/Adobe-Korea1
IO:close:/var/cache/fontconfig/188ac73a183f12857f63bb60a4a6d603-le64.cache-9
IO:close:/usr/share/fonts/opentype/urw-base35
IO:close:/var/cache/fontconfig/6cc790b63b123a6a96ee260fcdad32a9-le64.cache-9
IO:close:/usr/share/fonts/truetype/dejavu
IO:close:/var/cache/fontconfig/d589a48862398ed80a3d6066f4f56f4c-le64.cache-9
IO:close:/usr/share/fonts/type1/urw-base35
IO:close:/var/cache/fontconfig/a4e60e8d1e10d2fdff3fe3037a1845fb-le64.cache-9
IO:close:/usr/share/fonts/X11/encodings/large
IO:close:/var/cache/fontconfig/6333f38776742d18e214673cd2c24e34-le64.cache-9
IO:open:/root/.Xdefaults
IO:open:0xFFB
IO:open:/root/.Xdefaults-9776d0dbe438
IO:open:0xB
IO:open:/root/.Xdefaults
IO:open:0xFFB
IO:open:/root/.Xdefaults-9776d0dbe438
IO:open:0xB
IO:open:/root/.Xdefaults
IO:open:0xFFB
IO:open:/root/.Xdefaults-9776d0dbe438
IO:open:0xB
IO:open:/root/.Xdefaults
IO:open:0xFFB
IO:open:/root/.Xdefaults-9776d0dbe438
IO:open:0xB
IO:open:/root/.Xdefaults
IO:open:0xFFB
IO:open:/root/.Xdefaults-9776d0dbe438
IO:open:0xB
IO:open:/root/.Xdefaults
IO:open:0xFFB
IO:open:/root/.Xdefaults-9776d0dbe438
IO:open:0xB
IO:open:/root/.Xdefaults
IO:open:0xFFB
IO:open:/root/.Xdefaults-9776d0dbe438
IO:open:0xB
IO:open:/root/.Xdefaults
IO:open:0xFFB
IO:open:/root/.Xdefaults-9776d0dbe438
IO:open:0xB
IO:open:/root/.icons/default/cursors/col-resize
IO:fopen:re
IO:open:/root/.icons/default/index.theme
IO:fopen:re
IO:open:/usr/share/icons/default/cursors/col-resize
IO:fopen:re
IO:open:/usr/share/icons/default/index.theme
IO:fopen:re
IO:open:/usr/share/pixmaps/default/cursors/col-resize
IO:fopen:re
IO:open:/usr/share/pixmaps/default/index.theme
IO:fopen:re
IO:open:/root/.icons/default/cursors/h_double_arrow
IO:fopen:re
IO:open:/root/.icons/default/index.theme
IO:fopen:re
IO:open:/usr/share/icons/default/cursors/h_double_arrow
IO:fopen:re
IO:open:/usr/share/icons/default/index.theme
IO:fopen:re
IO:open:/usr/share/pixmaps/default/cursors/h_double_arrow
IO:fopen:re
IO:open:/usr/share/pixmaps/default/index.theme
IO:fopen:re
IO:open:/root/.icons/default/cursors/left_ptr
IO:fopen:re
IO:open:/root/.icons/default/index.theme
IO:fopen:re
IO:open:/usr/share/icons/default/cursors/left_ptr
IO:fopen:re
IO:open:/usr/share/icons/default/index.theme
IO:fopen:re
IO:open:/usr/share/pixmaps/default/cursors/left_ptr
IO:fopen:re
IO:open:/usr/share/pixmaps/default/index.theme
IO:fopen:re
* wrapping PANGO
PANGO:H
IO:open:/usr/share/fonts/truetype/dejavu/DejaVuSans.ttf
IO:open64:0x0
IO:close:/usr/share/fonts/truetype/dejavu/DejaVuSans.ttf
IO:open:/usr/share/fonts/truetype/dejavu/DejaVuSans.ttf
IO:open:0x50
IO:close:/usr/share/fonts/truetype/dejavu/DejaVuSans.ttf
PANGO:The quick brown fox jumps over the lazy dog.
PANGO:0123456789
PANGO:H
IO:open:/root/.Xdefaults
IO:open:0xFFB
IO:open:/root/.Xdefaults-9776d0dbe438
IO:open:0xB
IO:open:/root/.Xdefaults
IO:open:0xFFB
IO:open:/root/.Xdefaults-9776d0dbe438
IO:open:0xB
IO:open:/root/.Xdefaults
IO:open:0xFFB
IO:open:/root/.Xdefaults-9776d0dbe438
IO:open:0xB
IO:open:/root/.Xdefaults
IO:open:0xFFB
IO:open:/root/.Xdefaults-9776d0dbe438
IO:open:0xB
IO:open:/root/.Xdefaults
IO:open:0xFFB
IO:open:/root/.Xdefaults-9776d0dbe438
IO:open:0xB
PANGO:M
PANGO:The quick brown fox jumps over the lazy dog.
PANGO:0123456789
PANGO:Z 762000
PANGO:X 1234.1234  Y 1234.1234
PANGO:dx 1234.1234  dy 1234.1234  dist 1234.1234
PANGO:grid X 1234.1234  Y 1234.1234
PANGO:Inches
PANGO:Add layer alignment target
PANGO:Constrain to H, V, 45
PANGO:W
IO:open:/usr/share/kicad/resources/images.tar.gz
IO:fopen64:rb
IO:close:/usr/share/kicad/resources/images.tar.gz
IO:close:socket:[972635]
IO:open:/etc/os-release
IO:open64:0x1B6
IO:close:/usr/lib/os-release
* wrapping label set text
GTK:Label Set Text 2:Filter Selected Items...
GTK:Label Set Text 2:Select/Expand Connection
GTK:Label Set Text 2:Select All Tracks in Net
GTK:Label Set Text 2:Items in Same Hierarchical Sheet
GTK:Label Set Text 2:Select on Schematic
GTK:Label Set Text 2:Select All Unconnected Footprints
GTK:Label Set Text 2:Grab Nearest Unconnected Footprints
GTK:Label Set Text 2:Grid Origin...
GTK:Label Set Text 2:25.4000 mm (1.0000 in)
GTK:Label Set Text 2:12.7000 mm (0.5000 in)
GTK:Label Set Text 2:6.3500 mm (0.2500 in)
GTK:Label Set Text 2:5.0800 mm (0.2000 in)
GTK:Label Set Text 2:2.5400 mm (0.1000 in)
GTK:Label Set Text 2:1.2700 mm (0.0500 in)
GTK:Label Set Text 2:0.6350 mm (0.0250 in)
GTK:Label Set Text 2:0.5080 mm (0.0200 in)
GTK:Label Set Text 2:0.2540 mm (0.0100 in)
GTK:Label Set Text 2:0.1270 mm (0.0050 in)
GTK:Label Set Text 2:0.0508 mm (0.0020 in)
GTK:Label Set Text 2:0.0254 mm (0.0010 in)
GTK:Label Set Text 2:5.0000 mm (0.1969 in)
GTK:Label Set Text 2:2.5000 mm (0.0984 in)
GTK:Label Set Text 2:1.0000 mm (0.0394 in)
GTK:Label Set Text 2:0.5000 mm (0.0197 in)
GTK:Label Set Text 2:0.2500 mm (0.0098 in)
GTK:Label Set Text 2:0.2000 mm (0.0079 in)
GTK:Label Set Text 2:0.1000 mm (0.0039 in)
GTK:Label Set Text 2:0.0500 mm (0.0020 in)
GTK:Label Set Text 2:0.0250 mm (0.0010 in)
GTK:Label Set Text 2:0.0100 mm (0.0004 in)
GTK:Label Set Text 2:Grid Origin...
GTK:Label Set Text 2:25.4000 mm (1.0000 in)
GTK:Label Set Text 2:12.7000 mm (0.5000 in)
GTK:Label Set Text 2:6.3500 mm (0.2500 in)
GTK:Label Set Text 2:5.0800 mm (0.2000 in)
GTK:Label Set Text 2:2.5400 mm (0.1000 in)
GTK:Label Set Text 2:1.2700 mm (0.0500 in)
GTK:Label Set Text 2:0.6350 mm (0.0250 in)
GTK:Label Set Text 2:0.5080 mm (0.0200 in)
GTK:Label Set Text 2:0.2540 mm (0.0100 in)
GTK:Label Set Text 2:0.1270 mm (0.0050 in)
GTK:Label Set Text 2:0.0508 mm (0.0020 in)
GTK:Label Set Text 2:0.0254 mm (0.0010 in)
GTK:Label Set Text 2:5.0000 mm (0.1969 in)
GTK:Label Set Text 2:2.5000 mm (0.0984 in)
GTK:Label Set Text 2:1.0000 mm (0.0394 in)
GTK:Label Set Text 2:0.5000 mm (0.0197 in)
GTK:Label Set Text 2:0.2500 mm (0.0098 in)
GTK:Label Set Text 2:0.2000 mm (0.0079 in)
GTK:Label Set Text 2:0.1000 mm (0.0039 in)
GTK:Label Set Text 2:0.0500 mm (0.0020 in)
GTK:Label Set Text 2:0.0250 mm (0.0010 in)
GTK:Label Set Text 2:0.0100 mm (0.0004 in)
GTK:Label Set Text 2:Grid Origin...
GTK:Label Set Text 2:25.4000 mm (1.0000 in)
GTK:Label Set Text 2:12.7000 mm (0.5000 in)
GTK:Label Set Text 2:6.3500 mm (0.2500 in)
GTK:Label Set Text 2:5.0800 mm (0.2000 in)
GTK:Label Set Text 2:2.5400 mm (0.1000 in)
GTK:Label Set Text 2:1.2700 mm (0.0500 in)
GTK:Label Set Text 2:0.6350 mm (0.0250 in)
GTK:Label Set Text 2:0.5080 mm (0.0200 in)
GTK:Label Set Text 2:0.2540 mm (0.0100 in)
GTK:Label Set Text 2:0.1270 mm (0.0050 in)
GTK:Label Set Text 2:0.0508 mm (0.0020 in)
GTK:Label Set Text 2:0.0254 mm (0.0010 in)
GTK:Label Set Text 2:5.0000 mm (0.1969 in)
GTK:Label Set Text 2:2.5000 mm (0.0984 in)
GTK:Label Set Text 2:1.0000 mm (0.0394 in)
GTK:Label Set Text 2:0.5000 mm (0.0197 in)
GTK:Label Set Text 2:0.2500 mm (0.0098 in)
GTK:Label Set Text 2:0.2000 mm (0.0079 in)
GTK:Label Set Text 2:0.1000 mm (0.0039 in)
GTK:Label Set Text 2:0.0500 mm (0.0020 in)
GTK:Label Set Text 2:0.0250 mm (0.0010 in)
GTK:Label Set Text 2:0.0100 mm (0.0004 in)
GTK:Label Set Text 2:Grid Origin...
GTK:Label Set Text 2:25.4000 mm (1.0000 in)
GTK:Label Set Text 2:12.7000 mm (0.5000 in)
GTK:Label Set Text 2:6.3500 mm (0.2500 in)
GTK:Label Set Text 2:5.0800 mm (0.2000 in)
GTK:Label Set Text 2:2.5400 mm (0.1000 in)
GTK:Label Set Text 2:1.2700 mm (0.0500 in)
GTK:Label Set Text 2:0.6350 mm (0.0250 in)
GTK:Label Set Text 2:0.5080 mm (0.0200 in)
GTK:Label Set Text 2:0.2540 mm (0.0100 in)
GTK:Label Set Text 2:0.1270 mm (0.0050 in)
GTK:Label Set Text 2:0.0508 mm (0.0020 in)
GTK:Label Set Text 2:0.0254 mm (0.0010 in)
GTK:Label Set Text 2:5.0000 mm (0.1969 in)
GTK:Label Set Text 2:2.5000 mm (0.0984 in)
GTK:Label Set Text 2:1.0000 mm (0.0394 in)
GTK:Label Set Text 2:0.5000 mm (0.0197 in)
GTK:Label Set Text 2:0.2500 mm (0.0098 in)
GTK:Label Set Text 2:0.2000 mm (0.0079 in)
GTK:Label Set Text 2:0.1000 mm (0.0039 in)
GTK:Label Set Text 2:0.0500 mm (0.0020 in)
GTK:Label Set Text 2:0.0250 mm (0.0010 in)
GTK:Label Set Text 2:0.0100 mm (0.0004 in)
GTK:Label Set Text 2:Grid Origin...
GTK:Label Set Text 2:25.4000 mm (1.0000 in)
GTK:Label Set Text 2:12.7000 mm (0.5000 in)
GTK:Label Set Text 2:6.3500 mm (0.2500 in)
GTK:Label Set Text 2:5.0800 mm (0.2000 in)
GTK:Label Set Text 2:2.5400 mm (0.1000 in)
GTK:Label Set Text 2:1.2700 mm (0.0500 in)
GTK:Label Set Text 2:0.6350 mm (0.0250 in)
GTK:Label Set Text 2:0.5080 mm (0.0200 in)
GTK:Label Set Text 2:0.2540 mm (0.0100 in)
GTK:Label Set Text 2:0.1270 mm (0.0050 in)
GTK:Label Set Text 2:0.0508 mm (0.0020 in)
GTK:Label Set Text 2:0.0254 mm (0.0010 in)
GTK:Label Set Text 2:5.0000 mm (0.1969 in)
GTK:Label Set Text 2:2.5000 mm (0.0984 in)
GTK:Label Set Text 2:1.0000 mm (0.0394 in)
GTK:Label Set Text 2:0.5000 mm (0.0197 in)
GTK:Label Set Text 2:0.2500 mm (0.0098 in)
GTK:Label Set Text 2:0.2000 mm (0.0079 in)
GTK:Label Set Text 2:0.1000 mm (0.0039 in)
GTK:Label Set Text 2:0.0500 mm (0.0020 in)
GTK:Label Set Text 2:0.0250 mm (0.0010 in)
GTK:Label Set Text 2:0.0100 mm (0.0004 in)
GTK:Label Set Text 2:Grid Origin...
GTK:Label Set Text 2:25.4000 mm (1.0000 in)
GTK:Label Set Text 2:12.7000 mm (0.5000 in)
GTK:Label Set Text 2:6.3500 mm (0.2500 in)
GTK:Label Set Text 2:5.0800 mm (0.2000 in)
GTK:Label Set Text 2:2.5400 mm (0.1000 in)
GTK:Label Set Text 2:1.2700 mm (0.0500 in)
GTK:Label Set Text 2:0.6350 mm (0.0250 in)
GTK:Label Set Text 2:0.5080 mm (0.0200 in)
GTK:Label Set Text 2:0.2540 mm (0.0100 in)
GTK:Label Set Text 2:0.1270 mm (0.0050 in)
GTK:Label Set Text 2:0.0508 mm (0.0020 in)
GTK:Label Set Text 2:0.0254 mm (0.0010 in)
GTK:Label Set Text 2:5.0000 mm (0.1969 in)
GTK:Label Set Text 2:2.5000 mm (0.0984 in)
GTK:Label Set Text 2:1.0000 mm (0.0394 in)
GTK:Label Set Text 2:0.5000 mm (0.0197 in)
GTK:Label Set Text 2:0.2500 mm (0.0098 in)
GTK:Label Set Text 2:0.2000 mm (0.0079 in)
GTK:Label Set Text 2:0.1000 mm (0.0039 in)
GTK:Label Set Text 2:0.0500 mm (0.0020 in)
GTK:Label Set Text 2:0.0250 mm (0.0010 in)
GTK:Label Set Text 2:0.0100 mm (0.0004 in)
GTK:Label Set Text 2:Grid Origin...
GTK:Label Set Text 2:25.4000 mm (1.0000 in)
GTK:Label Set Text 2:12.7000 mm (0.5000 in)
GTK:Label Set Text 2:6.3500 mm (0.2500 in)
GTK:Label Set Text 2:5.0800 mm (0.2000 in)
GTK:Label Set Text 2:2.5400 mm (0.1000 in)
GTK:Label Set Text 2:1.2700 mm (0.0500 in)
GTK:Label Set Text 2:0.6350 mm (0.0250 in)
GTK:Label Set Text 2:0.5080 mm (0.0200 in)
GTK:Label Set Text 2:0.2540 mm (0.0100 in)
GTK:Label Set Text 2:0.1270 mm (0.0050 in)
GTK:Label Set Text 2:0.0508 mm (0.0020 in)
GTK:Label Set Text 2:0.0254 mm (0.0010 in)
GTK:Label Set Text 2:5.0000 mm (0.1969 in)
GTK:Label Set Text 2:2.5000 mm (0.0984 in)
GTK:Label Set Text 2:1.0000 mm (0.0394 in)
GTK:Label Set Text 2:0.5000 mm (0.0197 in)
GTK:Label Set Text 2:0.2500 mm (0.0098 in)
GTK:Label Set Text 2:0.2000 mm (0.0079 in)
GTK:Label Set Text 2:0.1000 mm (0.0039 in)
GTK:Label Set Text 2:0.0500 mm (0.0020 in)
GTK:Label Set Text 2:0.0250 mm (0.0010 in)
GTK:Label Set Text 2:0.0100 mm (0.0004 in)
GTK:Label Set Text 2:Grid Origin...
GTK:Label Set Text 2:25.4000 mm (1.0000 in)
GTK:Label Set Text 2:12.7000 mm (0.5000 in)
GTK:Label Set Text 2:6.3500 mm (0.2500 in)
GTK:Label Set Text 2:5.0800 mm (0.2000 in)
GTK:Label Set Text 2:2.5400 mm (0.1000 in)
GTK:Label Set Text 2:1.2700 mm (0.0500 in)
GTK:Label Set Text 2:0.6350 mm (0.0250 in)
GTK:Label Set Text 2:0.5080 mm (0.0200 in)
GTK:Label Set Text 2:0.2540 mm (0.0100 in)
GTK:Label Set Text 2:0.1270 mm (0.0050 in)
GTK:Label Set Text 2:0.0508 mm (0.0020 in)
GTK:Label Set Text 2:0.0254 mm (0.0010 in)
GTK:Label Set Text 2:5.0000 mm (0.1969 in)
GTK:Label Set Text 2:2.5000 mm (0.0984 in)
GTK:Label Set Text 2:1.0000 mm (0.0394 in)
GTK:Label Set Text 2:0.5000 mm (0.0197 in)
GTK:Label Set Text 2:0.2500 mm (0.0098 in)
GTK:Label Set Text 2:0.2000 mm (0.0079 in)
GTK:Label Set Text 2:0.1000 mm (0.0039 in)
GTK:Label Set Text 2:0.0500 mm (0.0020 in)
GTK:Label Set Text 2:0.0250 mm (0.0010 in)
GTK:Label Set Text 2:0.0100 mm (0.0004 in)
GTK:Label Set Text 2:Grid Origin...
GTK:Label Set Text 2:25.4000 mm (1.0000 in)
GTK:Label Set Text 2:12.7000 mm (0.5000 in)
GTK:Label Set Text 2:6.3500 mm (0.2500 in)
GTK:Label Set Text 2:5.0800 mm (0.2000 in)
GTK:Label Set Text 2:2.5400 mm (0.1000 in)
GTK:Label Set Text 2:1.2700 mm (0.0500 in)
GTK:Label Set Text 2:0.6350 mm (0.0250 in)
GTK:Label Set Text 2:0.5080 mm (0.0200 in)
GTK:Label Set Text 2:0.2540 mm (0.0100 in)
GTK:Label Set Text 2:0.1270 mm (0.0050 in)
GTK:Label Set Text 2:0.0508 mm (0.0020 in)
GTK:Label Set Text 2:0.0254 mm (0.0010 in)
GTK:Label Set Text 2:5.0000 mm (0.1969 in)
GTK:Label Set Text 2:2.5000 mm (0.0984 in)
GTK:Label Set Text 2:1.0000 mm (0.0394 in)
GTK:Label Set Text 2:0.5000 mm (0.0197 in)
GTK:Label Set Text 2:0.2500 mm (0.0098 in)
GTK:Label Set Text 2:0.2000 mm (0.0079 in)
GTK:Label Set Text 2:0.1000 mm (0.0039 in)
GTK:Label Set Text 2:0.0500 mm (0.0020 in)
GTK:Label Set Text 2:0.0250 mm (0.0010 in)
GTK:Label Set Text 2:0.0100 mm (0.0004 in)
GTK:Label Set Text 2:Draft Fill Selected Zone(s)
GTK:Label Set Text 2:Fill All Zones
GTK:Label Set Text 2:Unfill Selected Zone(s)
GTK:Label Set Text 2:Unfill All Zones
GTK:Label Set Text 2:Merge Zones
GTK:Label Set Text 2:Duplicate Zone onto Layer...
GTK:Label Set Text 2:Add a Zone Cutout
GTK:Label Set Text 2:Add a Similar Zone
GTK:Label Set Text 2:Zone Manager
GTK:Label Set Text 2:Show Net in Ratsnest
GTK:Label Set Text 2:Hide Net in Ratsnest
GTK:Label Set Text 2:Highlight Net
GTK:Label Set Text 2:Clear Net Highlighting
GTK:Label Set Text 2:Grid Origin...
GTK:Label Set Text 2:25.4000 mm (1.0000 in)
GTK:Label Set Text 2:12.7000 mm (0.5000 in)
GTK:Label Set Text 2:6.3500 mm (0.2500 in)
GTK:Label Set Text 2:5.0800 mm (0.2000 in)
GTK:Label Set Text 2:2.5400 mm (0.1000 in)
GTK:Label Set Text 2:1.2700 mm (0.0500 in)
GTK:Label Set Text 2:0.6350 mm (0.0250 in)
GTK:Label Set Text 2:0.5080 mm (0.0200 in)
GTK:Label Set Text 2:0.2540 mm (0.0100 in)
GTK:Label Set Text 2:0.1270 mm (0.0050 in)
GTK:Label Set Text 2:0.0508 mm (0.0020 in)
GTK:Label Set Text 2:0.0254 mm (0.0010 in)
GTK:Label Set Text 2:5.0000 mm (0.1969 in)
GTK:Label Set Text 2:2.5000 mm (0.0984 in)
GTK:Label Set Text 2:1.0000 mm (0.0394 in)
GTK:Label Set Text 2:0.5000 mm (0.0197 in)
GTK:Label Set Text 2:0.2500 mm (0.0098 in)
GTK:Label Set Text 2:0.2000 mm (0.0079 in)
GTK:Label Set Text 2:0.1000 mm (0.0039 in)
GTK:Label Set Text 2:0.0500 mm (0.0020 in)
GTK:Label Set Text 2:0.0250 mm (0.0010 in)
GTK:Label Set Text 2:0.0100 mm (0.0004 in)
GTK:Label Set Text 2:Grid Origin...
GTK:Label Set Text 2:25.4000 mm (1.0000 in)
GTK:Label Set Text 2:12.7000 mm (0.5000 in)
GTK:Label Set Text 2:6.3500 mm (0.2500 in)
GTK:Label Set Text 2:5.0800 mm (0.2000 in)
GTK:Label Set Text 2:2.5400 mm (0.1000 in)
GTK:Label Set Text 2:1.2700 mm (0.0500 in)
GTK:Label Set Text 2:0.6350 mm (0.0250 in)
GTK:Label Set Text 2:0.5080 mm (0.0200 in)
GTK:Label Set Text 2:0.2540 mm (0.0100 in)
GTK:Label Set Text 2:0.1270 mm (0.0050 in)
GTK:Label Set Text 2:0.0508 mm (0.0020 in)
GTK:Label Set Text 2:0.0254 mm (0.0010 in)
GTK:Label Set Text 2:5.0000 mm (0.1969 in)
GTK:Label Set Text 2:2.5000 mm (0.0984 in)
GTK:Label Set Text 2:1.0000 mm (0.0394 in)
GTK:Label Set Text 2:0.5000 mm (0.0197 in)
GTK:Label Set Text 2:0.2500 mm (0.0098 in)
GTK:Label Set Text 2:0.2000 mm (0.0079 in)
GTK:Label Set Text 2:0.1000 mm (0.0039 in)
GTK:Label Set Text 2:0.0500 mm (0.0020 in)
GTK:Label Set Text 2:0.0250 mm (0.0010 in)
GTK:Label Set Text 2:0.0100 mm (0.0004 in)
GTK:Label Set Text 2:Grid Origin...
GTK:Label Set Text 2:25.4000 mm (1.0000 in)
GTK:Label Set Text 2:12.7000 mm (0.5000 in)
GTK:Label Set Text 2:6.3500 mm (0.2500 in)
GTK:Label Set Text 2:5.0800 mm (0.2000 in)
GTK:Label Set Text 2:2.5400 mm (0.1000 in)
GTK:Label Set Text 2:1.2700 mm (0.0500 in)
GTK:Label Set Text 2:0.6350 mm (0.0250 in)
GTK:Label Set Text 2:0.5080 mm (0.0200 in)
GTK:Label Set Text 2:0.2540 mm (0.0100 in)
GTK:Label Set Text 2:0.1270 mm (0.0050 in)
GTK:Label Set Text 2:0.0508 mm (0.0020 in)
GTK:Label Set Text 2:0.0254 mm (0.0010 in)
GTK:Label Set Text 2:5.0000 mm (0.1969 in)
GTK:Label Set Text 2:2.5000 mm (0.0984 in)
GTK:Label Set Text 2:1.0000 mm (0.0394 in)
GTK:Label Set Text 2:0.5000 mm (0.0197 in)
GTK:Label Set Text 2:0.2500 mm (0.0098 in)
GTK:Label Set Text 2:0.2000 mm (0.0079 in)
GTK:Label Set Text 2:0.1000 mm (0.0039 in)
GTK:Label Set Text 2:0.0500 mm (0.0020 in)
GTK:Label Set Text 2:0.0250 mm (0.0010 in)
GTK:Label Set Text 2:0.0100 mm (0.0004 in)
GTK:Label Set Text 2:Grid Origin...
GTK:Label Set Text 2:25.4000 mm (1.0000 in)
GTK:Label Set Text 2:12.7000 mm (0.5000 in)
GTK:Label Set Text 2:6.3500 mm (0.2500 in)
GTK:Label Set Text 2:5.0800 mm (0.2000 in)
GTK:Label Set Text 2:2.5400 mm (0.1000 in)
GTK:Label Set Text 2:1.2700 mm (0.0500 in)
GTK:Label Set Text 2:0.6350 mm (0.0250 in)
GTK:Label Set Text 2:0.5080 mm (0.0200 in)
GTK:Label Set Text 2:0.2540 mm (0.0100 in)
GTK:Label Set Text 2:0.1270 mm (0.0050 in)
GTK:Label Set Text 2:0.0508 mm (0.0020 in)
GTK:Label Set Text 2:0.0254 mm (0.0010 in)
GTK:Label Set Text 2:5.0000 mm (0.1969 in)
GTK:Label Set Text 2:2.5000 mm (0.0984 in)
GTK:Label Set Text 2:1.0000 mm (0.0394 in)
GTK:Label Set Text 2:0.5000 mm (0.0197 in)
GTK:Label Set Text 2:0.2500 mm (0.0098 in)
GTK:Label Set Text 2:0.2000 mm (0.0079 in)
GTK:Label Set Text 2:0.1000 mm (0.0039 in)
GTK:Label Set Text 2:0.0500 mm (0.0020 in)
GTK:Label Set Text 2:0.0250 mm (0.0010 in)
GTK:Label Set Text 2:0.0100 mm (0.0004 in)
GTK:Label Set Text 2:Grid Origin...
GTK:Label Set Text 2:25.4000 mm (1.0000 in)
GTK:Label Set Text 2:12.7000 mm (0.5000 in)
GTK:Label Set Text 2:6.3500 mm (0.2500 in)
GTK:Label Set Text 2:5.0800 mm (0.2000 in)
GTK:Label Set Text 2:2.5400 mm (0.1000 in)
GTK:Label Set Text 2:1.2700 mm (0.0500 in)
GTK:Label Set Text 2:0.6350 mm (0.0250 in)
GTK:Label Set Text 2:0.5080 mm (0.0200 in)
GTK:Label Set Text 2:0.2540 mm (0.0100 in)
GTK:Label Set Text 2:0.1270 mm (0.0050 in)
GTK:Label Set Text 2:0.0508 mm (0.0020 in)
GTK:Label Set Text 2:0.0254 mm (0.0010 in)
GTK:Label Set Text 2:5.0000 mm (0.1969 in)
GTK:Label Set Text 2:2.5000 mm (0.0984 in)
GTK:Label Set Text 2:1.0000 mm (0.0394 in)
GTK:Label Set Text 2:0.5000 mm (0.0197 in)
GTK:Label Set Text 2:0.2500 mm (0.0098 in)
GTK:Label Set Text 2:0.2000 mm (0.0079 in)
GTK:Label Set Text 2:0.1000 mm (0.0039 in)
GTK:Label Set Text 2:0.0500 mm (0.0020 in)
GTK:Label Set Text 2:0.0250 mm (0.0010 in)
GTK:Label Set Text 2:0.0100 mm (0.0004 in)
GTK:Label Set Text 2:Group Items
GTK:Label Set Text 2:Ungroup Items
GTK:Label Set Text 2:Remove Items
IO:open:/usr/lib/python3.13/__pycache__/textwrap.cpython-313.pyc
IO:open64:0x1B6
IO:close:/usr/lib/python3.13/__pycache__/textwrap.cpython-313.pyc
IO:open:/usr/lib/python3.13/re/__pycache__/__init__.cpython-313.pyc
IO:open64:0x1B6
IO:close:/usr/lib/python3.13/re/__pycache__/__init__.cpython-313.pyc
IO:open:/usr/lib/python3.13/__pycache__/enum.cpython-313.pyc
IO:open64:0x1B6
IO:close:/usr/lib/python3.13/__pycache__/enum.cpython-313.pyc
IO:open:/usr/lib/python3.13/__pycache__/functools.cpython-313.pyc
IO:open64:0x1B6
IO:close:/usr/lib/python3.13/__pycache__/functools.cpython-313.pyc
IO:open:/usr/lib/python3.13/collections/__pycache__/__init__.cpython-313.pyc
IO:open64:0x1B6
IO:close:/usr/lib/python3.13/collections/__pycache__/__init__.cpython-313.pyc
IO:open:/usr/lib/python3.13/__pycache__/keyword.cpython-313.pyc
IO:open64:0x1B6
IO:close:/usr/lib/python3.13/__pycache__/keyword.cpython-313.pyc
IO:open:/usr/lib/python3.13/__pycache__/operator.cpython-313.pyc
IO:open64:0x1B6
IO:close:/usr/lib/python3.13/__pycache__/operator.cpython-313.pyc
IO:open:/usr/lib/python3.13/__pycache__/reprlib.cpython-313.pyc
IO:open64:0x1B6
IO:close:/usr/lib/python3.13/__pycache__/reprlib.cpython-313.pyc
IO:open:/usr/lib/python3.13/__pycache__/types.cpython-313.pyc
IO:open64:0x1B6
IO:close:/usr/lib/python3.13/__pycache__/types.cpython-313.pyc
IO:open:/usr/lib/python3.13/re/__pycache__/_compiler.cpython-313.pyc
IO:open64:0x1B6
IO:close:/usr/lib/python3.13/re/__pycache__/_compiler.cpython-313.pyc
IO:open:/usr/lib/python3.13/re/__pycache__/_parser.cpython-313.pyc
IO:open64:0x1B6
IO:close:/usr/lib/python3.13/re/__pycache__/_parser.cpython-313.pyc
IO:open:/usr/lib/python3.13/re/__pycache__/_constants.cpython-313.pyc
IO:open64:0x1B6
IO:close:/usr/lib/python3.13/re/__pycache__/_constants.cpython-313.pyc
IO:open:/usr/lib/python3.13/re/__pycache__/_casefix.cpython-313.pyc
IO:open64:0x1B6
IO:close:/usr/lib/python3.13/re/__pycache__/_casefix.cpython-313.pyc
IO:open:/usr/lib/python3.13/__pycache__/copyreg.cpython-313.pyc
IO:open64:0x1B6
IO:close:/usr/lib/python3.13/__pycache__/copyreg.cpython-313.pyc
GTK:Label Set Text 2:Grid Origin...
GTK:Label Set Text 2:25.4000 mm (1.0000 in)
GTK:Label Set Text 2:12.7000 mm (0.5000 in)
GTK:Label Set Text 2:6.3500 mm (0.2500 in)
GTK:Label Set Text 2:5.0800 mm (0.2000 in)
GTK:Label Set Text 2:2.5400 mm (0.1000 in)
GTK:Label Set Text 2:1.2700 mm (0.0500 in)
GTK:Label Set Text 2:0.6350 mm (0.0250 in)
GTK:Label Set Text 2:0.5080 mm (0.0200 in)
GTK:Label Set Text 2:0.2540 mm (0.0100 in)
GTK:Label Set Text 2:0.1270 mm (0.0050 in)
GTK:Label Set Text 2:0.0508 mm (0.0020 in)
GTK:Label Set Text 2:0.0254 mm (0.0010 in)
GTK:Label Set Text 2:5.0000 mm (0.1969 in)
GTK:Label Set Text 2:2.5000 mm (0.0984 in)
GTK:Label Set Text 2:1.0000 mm (0.0394 in)
GTK:Label Set Text 2:0.5000 mm (0.0197 in)
GTK:Label Set Text 2:0.2500 mm (0.0098 in)
GTK:Label Set Text 2:0.2000 mm (0.0079 in)
GTK:Label Set Text 2:0.1000 mm (0.0039 in)
GTK:Label Set Text 2:0.0500 mm (0.0020 in)
GTK:Label Set Text 2:0.0250 mm (0.0010 in)
GTK:Label Set Text 2:0.0100 mm (0.0004 in)
IO:open:/root/.config/kicad/9.0/user.hotkeys
IO:fopen64:rb
IO:close:/root/.config/kicad/9.0/user.hotkeys
IO:open:/usr/lib/python3.13/__pycache__/traceback.cpython-313.pyc
IO:open64:0x1B6
IO:close:/usr/lib/python3.13/__pycache__/traceback.cpython-313.pyc
IO:open:/usr/lib/python3.13/__pycache__/linecache.cpython-313.pyc
IO:open64:0x1B6
IO:close:/usr/lib/python3.13/__pycache__/linecache.cpython-313.pyc
IO:open:/usr/lib/python3.13/__pycache__/warnings.cpython-313.pyc
IO:open64:0x1B6
IO:close:/usr/lib/python3.13/__pycache__/warnings.cpython-313.pyc
IO:open:/usr/lib/python3.13/__pycache__/contextlib.cpython-313.pyc
IO:open64:0x1B6
IO:close:/usr/lib/python3.13/__pycache__/contextlib.cpython-313.pyc
IO:open:/usr/lib/python3.13/__pycache__/_colorize.cpython-313.pyc
IO:open64:0x1B6
IO:close:/usr/lib/python3.13/__pycache__/_colorize.cpython-313.pyc
IO:open:/usr/lib/python3.13/__pycache__/__future__.cpython-313.pyc
IO:open64:0x1B6
IO:close:/usr/lib/python3.13/__pycache__/__future__.cpython-313.pyc
IO:open:/usr/lib/python3/dist-packages/wx/__pycache__/__init__.cpython-313.pyc
IO:open64:0x1B6
IO:close:/usr/lib/python3/dist-packages/wx/__pycache__/__init__.cpython-313.pyc
IO:open:/usr/lib/python3/dist-packages/wx/__pycache__/__version__.cpython-313.pyc
IO:open64:0x1B6
IO:close:/usr/lib/python3/dist-packages/wx/__pycache__/__version__.cpython-313.pyc
IO:open:/usr/lib/python3/dist-packages/wx/__pycache__/core.cpython-313.pyc
IO:open64:0x1B6
IO:close:/usr/lib/python3/dist-packages/wx/__pycache__/core.cpython-313.pyc
IO:open:/usr/lib/python3.13/__pycache__/datetime.cpython-313.pyc
IO:open64:0x1B6
IO:close:/usr/lib/python3.13/__pycache__/datetime.cpython-313.pyc
IO:open:/usr/lib/python3.13/__pycache__/typing.cpython-313.pyc
IO:open64:0x1B6
IO:close:/usr/lib/python3.13/__pycache__/typing.cpython-313.pyc
IO:open:/usr/lib/python3/dist-packages/wx/__pycache__/adv.cpython-313.pyc
IO:open64:0x1B6
IO:close:/usr/lib/python3/dist-packages/wx/__pycache__/adv.cpython-313.pyc
IO:open:/var/lib/dbus/machine-id
IO:open64:0x0
IO:close:/var/lib/dbus/machine-id
IO:close:pipe:[977368]
IO:close:pipe:[977368]
IO:close:pipe:[977366]
IO:close:pipe:[977367]
IO:open:/dev/null
IO:open64:0x9
IO:close:/dev/null
IO:close:pipe:[977366]
IO:close:pipe:[977366]
IO:close:pipe:[977367]
IO:close:pipe:[977367]
IO:close:pipe:[977368]
IO:open:/usr/lib/python3/dist-packages/wx/__pycache__/html.cpython-313.pyc
IO:open64:0x1B6
IO:close:/usr/lib/python3/dist-packages/wx/__pycache__/html.cpython-313.pyc
IO:open:/var/lib/dbus/machine-id
IO:open64:0x0
IO:close:/var/lib/dbus/machine-id
IO:close:pipe:[977372]
IO:close:pipe:[977372]
IO:close:pipe:[977370]
IO:close:pipe:[977371]
IO:open:/dev/null
IO:open64:0x9
IO:close:/dev/null
IO:close:pipe:[977370]
IO:close:pipe:[977370]
IO:close:pipe:[977371]
IO:close:pipe:[977371]
IO:close:pipe:[977372]
IO:open:/usr/lib/python3/dist-packages/wx/__pycache__/richtext.cpython-313.pyc
IO:open64:0x1B6
IO:close:/usr/lib/python3/dist-packages/wx/__pycache__/richtext.cpython-313.pyc
IO:open:/var/lib/dbus/machine-id
IO:open64:0x0
IO:close:/var/lib/dbus/machine-id
IO:close:pipe:[977375]
IO:close:pipe:[977375]
IO:close:pipe:[977373]
IO:close:pipe:[977374]
IO:open:/dev/null
IO:open64:0x9
IO:close:/dev/null
IO:close:pipe:[977373]
IO:close:pipe:[977373]
IO:close:pipe:[977374]
IO:close:pipe:[977374]
IO:close:pipe:[977375]
PANGO:ABCDEFGHIJKLMNOPQRSTUVWXYZabcdefghijklmnopqrstuvwxyz
IO:open:/dev/urandom
IO:fopen64:rbe
IO:close:/dev/urandom
PANGO:Gg
PANGO:Track: use netclass width
PANGO:---
PANGO:Edit Pre-defined Sizes...
PANGO:Track: use netclass width
PANGO:---
PANGO:Edit Pre-defined Sizes...
PANGO:Track: use netclass width
PANGO:---
PANGO:Edit Pre-defined Sizes...
PANGO:Gg
PANGO:Via: use netclass sizes
PANGO:---
PANGO:Edit Pre-defined Sizes...
PANGO:Via: use netclass sizes
PANGO:---
PANGO:Edit Pre-defined Sizes...
PANGO:Via: use netclass sizes
PANGO:---
PANGO:Edit Pre-defined Sizes...
PANGO:H
PANGO:F.Cu (PgUp)
PANGO:B.Cu (PgDn)
PANGO:F.Adhesive
PANGO:B.Adhesive
PANGO:F.Paste
PANGO:B.Paste
PANGO:F.Silkscreen
PANGO:B.Silkscreen
PANGO:F.Mask
PANGO:B.Mask
PANGO:User.Drawings
PANGO:User.Comments
PANGO:User.Eco1
PANGO:User.Eco2
PANGO:Edge.Cuts
PANGO:Margin
PANGO:F.Courtyard
PANGO:B.Courtyard
PANGO:F.Fab
PANGO:B.Fab
PANGO:User.1
PANGO:User.2
PANGO:User.3
PANGO:User.4
PANGO:F.Cu (PgUp)
PANGO:B.Cu (PgDn)
PANGO:F.Adhesive
PANGO:B.Adhesive
PANGO:F.Paste
PANGO:B.Paste
PANGO:F.Silkscreen
PANGO:B.Silkscreen
PANGO:F.Mask
PANGO:B.Mask
PANGO:User.Drawings
PANGO:User.Comments
PANGO:User.Eco1
PANGO:User.Eco2
PANGO:Edge.Cuts
PANGO:Margin
PANGO:F.Courtyard
PANGO:B.Courtyard
PANGO:F.Fab
PANGO:B.Fab
PANGO:User.1
PANGO:User.2
PANGO:User.3
PANGO:User.4
PANGO:F.Cu (PgUp)
PANGO:B.Cu (PgDn)
PANGO:F.Adhesive
PANGO:B.Adhesive
PANGO:F.Paste
PANGO:B.Paste
PANGO:F.Silkscreen
PANGO:B.Silkscreen
PANGO:F.Mask
PANGO:B.Mask
PANGO:User.Drawings
PANGO:User.Comments
PANGO:User.Eco1
PANGO:User.Eco2
PANGO:Edge.Cuts
PANGO:Margin
PANGO:F.Courtyard
PANGO:B.Courtyard
PANGO:F.Fab
PANGO:B.Fab
PANGO:User.1
PANGO:User.2
PANGO:User.3
PANGO:User.4
PANGO:H
PANGO:F.Cu (PgUp)
PANGO:B.Cu (PgDn)
PANGO:F.Adhesive
PANGO:B.Adhesive
PANGO:F.Paste
PANGO:B.Paste
PANGO:F.Silkscreen
PANGO:B.Silkscreen
PANGO:F.Mask
PANGO:B.Mask
PANGO:User.Drawings
PANGO:User.Comments
PANGO:User.Eco1
PANGO:User.Eco2
PANGO:Edge.Cuts
PANGO:Margin
PANGO:F.Courtyard
PANGO:B.Courtyard
PANGO:F.Fab
PANGO:B.Fab
PANGO:User.1
PANGO:User.2
PANGO:User.3
PANGO:User.4
PANGO:F.Cu (PgUp)
PANGO:B.Cu (PgDn)
PANGO:F.Adhesive
PANGO:B.Adhesive
PANGO:F.Paste
PANGO:B.Paste
PANGO:F.Silkscreen
PANGO:B.Silkscreen
PANGO:F.Mask
PANGO:B.Mask
PANGO:User.Drawings
PANGO:User.Comments
PANGO:User.Eco1
PANGO:User.Eco2
PANGO:Edge.Cuts
PANGO:Margin
PANGO:F.Courtyard
PANGO:B.Courtyard
PANGO:F.Fab
PANGO:B.Fab
PANGO:User.1
PANGO:User.2
PANGO:User.3
PANGO:User.4
PANGO:F.Cu (PgUp)
PANGO:B.Cu (PgDn)
PANGO:F.Adhesive
PANGO:B.Adhesive
PANGO:F.Paste
PANGO:B.Paste
PANGO:F.Silkscreen
PANGO:B.Silkscreen
PANGO:F.Mask
PANGO:B.Mask
PANGO:User.Drawings
PANGO:User.Comments
PANGO:User.Eco1
PANGO:User.Eco2
PANGO:Edge.Cuts
PANGO:Margin
PANGO:F.Courtyard
PANGO:B.Courtyard
PANGO:F.Fab
PANGO:B.Fab
PANGO:User.1
PANGO:User.2
PANGO:User.3
PANGO:User.4
PANGO:H
PANGO:Gg
PANGO:25.4000 mm (1.0000 in)
PANGO:12.7000 mm (0.5000 in)
PANGO:6.3500 mm (0.2500 in)
PANGO:5.0800 mm (0.2000 in)
PANGO:2.5400 mm (0.1000 in)
PANGO:1.2700 mm (0.0500 in)
PANGO:0.6350 mm (0.0250 in)
PANGO:0.5080 mm (0.0200 in)
PANGO:0.2540 mm (0.0100 in)
PANGO:0.1270 mm (0.0050 in)
PANGO:0.0508 mm (0.0020 in)
PANGO:0.0254 mm (0.0010 in)
PANGO:5.0000 mm (0.1969 in)
PANGO:2.5000 mm (0.0984 in)
PANGO:1.0000 mm (0.0394 in)
PANGO:0.5000 mm (0.0197 in)
PANGO:0.2500 mm (0.0098 in)
PANGO:0.2000 mm (0.0079 in)
PANGO:0.1000 mm (0.0039 in)
PANGO:0.0500 mm (0.0020 in)
PANGO:0.0250 mm (0.0010 in)
PANGO:0.0100 mm (0.0004 in)
PANGO:---
PANGO:Edit Grids...
PANGO:25.4000 mm (1.0000 in)
PANGO:12.7000 mm (0.5000 in)
PANGO:6.3500 mm (0.2500 in)
PANGO:5.0800 mm (0.2000 in)
PANGO:2.5400 mm (0.1000 in)
PANGO:1.2700 mm (0.0500 in)
PANGO:0.6350 mm (0.0250 in)
PANGO:0.5080 mm (0.0200 in)
PANGO:0.2540 mm (0.0100 in)
PANGO:0.1270 mm (0.0050 in)
PANGO:0.0508 mm (0.0020 in)
PANGO:0.0254 mm (0.0010 in)
PANGO:5.0000 mm (0.1969 in)
PANGO:2.5000 mm (0.0984 in)
PANGO:1.0000 mm (0.0394 in)
PANGO:0.5000 mm (0.0197 in)
PANGO:0.2500 mm (0.0098 in)
PANGO:0.2000 mm (0.0079 in)
PANGO:0.1000 mm (0.0039 in)
PANGO:0.0500 mm (0.0020 in)
PANGO:0.0250 mm (0.0010 in)
PANGO:0.0100 mm (0.0004 in)
PANGO:---
PANGO:Edit Grids...
PANGO:25.4000 mm (1.0000 in)
PANGO:12.7000 mm (0.5000 in)
PANGO:6.3500 mm (0.2500 in)
PANGO:5.0800 mm (0.2000 in)
PANGO:2.5400 mm (0.1000 in)
PANGO:1.2700 mm (0.0500 in)
PANGO:0.6350 mm (0.0250 in)
PANGO:0.5080 mm (0.0200 in)
PANGO:0.2540 mm (0.0100 in)
PANGO:0.1270 mm (0.0050 in)
PANGO:0.0508 mm (0.0020 in)
PANGO:0.0254 mm (0.0010 in)
PANGO:5.0000 mm (0.1969 in)
PANGO:2.5000 mm (0.0984 in)
PANGO:1.0000 mm (0.0394 in)
PANGO:0.5000 mm (0.0197 in)
PANGO:0.2500 mm (0.0098 in)
PANGO:0.2000 mm (0.0079 in)
PANGO:0.1000 mm (0.0039 in)
PANGO:0.0500 mm (0.0020 in)
PANGO:0.0250 mm (0.0010 in)
PANGO:0.0100 mm (0.0004 in)
PANGO:---
PANGO:Edit Grids...
PANGO:Gg
PANGO:Zoom Auto
PANGO:Zoom 0.13
PANGO:Zoom 0.22
PANGO:Zoom 0.35
PANGO:Zoom 0.60
PANGO:Zoom 1.00
PANGO:Zoom 1.50
PANGO:Zoom 2.20
PANGO:Zoom 3.50
PANGO:Zoom 5.00
PANGO:Zoom 8.00
PANGO:Zoom 13.00
PANGO:Zoom 20.00
PANGO:Zoom 35.00
PANGO:Zoom 50.00
PANGO:Zoom 80.00
PANGO:Zoom 130.00
PANGO:Zoom 220.00
PANGO:Zoom 300.00
PANGO:Zoom Auto
PANGO:Zoom 0.13
PANGO:Zoom 0.22
PANGO:Zoom 0.35
PANGO:Zoom 0.60
PANGO:Zoom 1.00
PANGO:Zoom 1.50
PANGO:Zoom 2.20
PANGO:Zoom 3.50
PANGO:Zoom 5.00
PANGO:Zoom 8.00
PANGO:Zoom 13.00
PANGO:Zoom 20.00
PANGO:Zoom 35.00
PANGO:Zoom 50.00
PANGO:Zoom 80.00
PANGO:Zoom 130.00
PANGO:Zoom 220.00
PANGO:Zoom 300.00
PANGO:Zoom Auto
PANGO:Zoom 0.13
PANGO:Zoom 0.22
PANGO:Zoom 0.35
PANGO:Zoom 0.60
PANGO:Zoom 1.00
PANGO:Zoom 1.50
PANGO:Zoom 2.20
PANGO:Zoom 3.50
PANGO:Zoom 5.00
PANGO:Zoom 8.00
PANGO:Zoom 13.00
PANGO:Zoom 20.00
PANGO:Zoom 35.00
PANGO:Zoom 50.00
PANGO:Zoom 80.00
PANGO:Zoom 130.00
PANGO:Zoom 220.00
PANGO:Zoom 300.00
PANGO:Track: use netclass width
PANGO:---
PANGO:Edit Pre-defined Sizes...
PANGO:Via: use netclass sizes
PANGO:---
PANGO:Edit Pre-defined Sizes...
PANGO:Zoom Auto
PANGO:Zoom 0.13
PANGO:Zoom 0.22
PANGO:Zoom 0.35
PANGO:Zoom 0.60
PANGO:Zoom 1.00
PANGO:Zoom 1.50
PANGO:Zoom 2.20
PANGO:Zoom 3.50
PANGO:Zoom 5.00
PANGO:Zoom 8.00
PANGO:Zoom 13.00
PANGO:Zoom 20.00
PANGO:Zoom 35.00
PANGO:Zoom 50.00
PANGO:Zoom 80.00
PANGO:Zoom 130.00
PANGO:Zoom 220.00
PANGO:Zoom 300.00
PANGO:25.4000 mm (1.0000 in)
PANGO:12.7000 mm (0.5000 in)
PANGO:6.3500 mm (0.2500 in)
PANGO:5.0800 mm (0.2000 in)
PANGO:2.5400 mm (0.1000 in)
PANGO:1.2700 mm (0.0500 in)
PANGO:0.6350 mm (0.0250 in)
PANGO:0.5080 mm (0.0200 in)
PANGO:0.2540 mm (0.0100 in)
PANGO:0.1270 mm (0.0050 in)
PANGO:0.0508 mm (0.0020 in)
PANGO:0.0254 mm (0.0010 in)
PANGO:5.0000 mm (0.1969 in)
PANGO:2.5000 mm (0.0984 in)
PANGO:1.0000 mm (0.0394 in)
PANGO:0.5000 mm (0.0197 in)
PANGO:0.2500 mm (0.0098 in)
PANGO:0.2000 mm (0.0079 in)
PANGO:0.1000 mm (0.0039 in)
PANGO:0.0500 mm (0.0020 in)
PANGO:0.0250 mm (0.0010 in)
PANGO:0.0100 mm (0.0004 in)
PANGO:---
PANGO:Edit Grids...
PANGO:F.Cu (PgUp)
PANGO:B.Cu (PgDn)
PANGO:F.Adhesive
PANGO:B.Adhesive
PANGO:F.Paste
PANGO:B.Paste
PANGO:F.Silkscreen
PANGO:B.Silkscreen
PANGO:F.Mask
PANGO:B.Mask
PANGO:User.Drawings
PANGO:User.Comments
PANGO:User.Eco1
PANGO:User.Eco2
PANGO:Edge.Cuts
PANGO:Margin
PANGO:F.Courtyard
PANGO:B.Courtyard
PANGO:F.Fab
PANGO:B.Fab
PANGO:User.1
PANGO:User.2
PANGO:User.3
PANGO:User.4
PANGO:H
GTK:Label Set Text 2:Keep Arc Center, Adjust Radius
GTK:Label Set Text 2:Keep Arc Endpoints or Direction of Starting Point
GTK:Label Set Text 2:Router Highlight Mode
GTK:Label Set Text 2:Router Shove Mode
GTK:Label Set Text 2:Router Walkaround Mode
GTK:Label Set Text 2:Interactive Router Settings...
GTK:Label Set Text 2:Router Highlight Mode
GTK:Label Set Text 2:Router Shove Mode
GTK:Label Set Text 2:Router Walkaround Mode
GTK:Label Set Text 2:Interactive Router Settings...
GTK:Label Set Text 2:Fill All Zones
GTK:Label Set Text 2:Unfill All Zones
GTK:Label Set Text 2:Edit Grids...
GTK:Label Set Text 2:Grid Origin...
GTK:Label Set Text 2:No objects selected
PANGO:No objects selected
IO:open:/root/.icons/default/cursors/sb_h_double_arrow
IO:fopen:re
IO:open:/root/.icons/default/index.theme
IO:fopen:re
IO:open:/usr/share/icons/default/cursors/sb_h_double_arrow
IO:fopen:re
IO:open:/usr/share/icons/default/index.theme
IO:fopen:re
IO:open:/usr/share/pixmaps/default/cursors/sb_h_double_arrow
IO:fopen:re
IO:open:/usr/share/pixmaps/default/index.theme
IO:fopen:re
PANGO:jG
IO:open:/usr/share/fonts/truetype/dejavu/DejaVuSans-Bold.ttf
IO:open64:0x0
IO:close:/usr/share/fonts/truetype/dejavu/DejaVuSans-Bold.ttf
IO:open:/usr/share/fonts/truetype/dejavu/DejaVuSans-Bold.ttf
IO:open:0x50
IO:close:/usr/share/fonts/truetype/dejavu/DejaVuSans-Bold.ttf
PANGO:The quick brown fox jumps over the lazy dog.
PANGO:0123456789
GTK:Label Set Text 2:All items
PANGO:All items
GTK:Label Set Text 2:Locked items
PANGO:Locked items
GTK:Label Set Text 2:Footprints
PANGO:Footprints
GTK:Label Set Text 2:Text
PANGO:Text
GTK:Label Set Text 2:Tracks
PANGO:Tracks
GTK:Label Set Text 2:Vias
PANGO:Vias
GTK:Label Set Text 2:Pads
PANGO:Pads
GTK:Label Set Text 2:Graphics
PANGO:Graphics
GTK:Label Set Text 2:Zones
PANGO:Zones
GTK:Label Set Text 2:Rule Areas
PANGO:Rule Areas
GTK:Label Set Text 2:Dimensions
PANGO:Dimensions
GTK:Label Set Text 2:Other items
PANGO:Other items
IO:open:/root/.local/share/mime//aliases
IO:fopen64:r
IO:open:/root/.local/share/mime//subclasses
IO:fopen64:r
IO:open:/root/.local/share/mime//icons
IO:fopen64:r
IO:open:/root/.local/share/mime//generic-icons
IO:fopen64:r
IO:open:/usr/local/share//mime//aliases
IO:fopen64:r
IO:open:/usr/local/share//mime//subclasses
IO:fopen64:r
IO:open:/usr/local/share//mime//icons
IO:fopen64:r
IO:open:/usr/local/share//mime//generic-icons
IO:fopen64:r
IO:open:/usr/share//mime//mime.cache
IO:open64:0x0
IO:close:/usr/share/mime/mime.cache
IO:open:/root/.icons/default/cursors/sb_v_double_arrow
IO:fopen:re
IO:open:/root/.icons/default/index.theme
IO:fopen:re
IO:open:/usr/share/icons/default/cursors/sb_v_double_arrow
IO:fopen:re
IO:open:/usr/share/icons/default/index.theme
IO:fopen:re
IO:open:/usr/share/pixmaps/default/cursors/sb_v_double_arrow
IO:fopen:re
IO:open:/usr/share/pixmaps/default/index.theme
IO:fopen:re
GTK:Label Set Text 2:Nets
PANGO:Nets
IO:open:/usr/lib/x86_64-linux-gnu/gtk-3.0/3.0.0/immodules.cache
IO:fopen64:r
IO:close:/usr/lib/x86_64-linux-gnu/gtk-3.0/3.0.0/immodules.cache
PANGO:H
GTK:Label Set Text 2:Net Classes
PANGO:Net Classes
GTK:Label Set Text 2:Presets (Ctrl+Tab):
PANGO:Presets (Ctrl+Tab):
PANGO:All Layers
PANGO:(unsaved)
PANGO:All Layers
PANGO:(unsaved)
PANGO:All Layers
PANGO:(unsaved)
GTK:Label Set Text 2:Viewports (Alt+Tab):
PANGO:Viewports (Alt+Tab):
PANGO:(unsaved)
PANGO:Layers
PANGO:Objects
PANGO:Nets
PANGO:The quick brown fox jumps over the lazy dog.
PANGO:0123456789
PANGO:Net Classes
PANGO:Presets (Ctrl+Tab):
PANGO:Viewports (Alt+Tab):
GTK:Label Set Text 2:Inactive layers (H):
PANGO:Inactive layers (H):
GTK:Label Set Text 2:Normal
PANGO:The quick brown fox jumps over the lazy dog.
PANGO:0123456789
PANGO:Normal
GTK:Label Set Text 2:Dim
PANGO:Dim
GTK:Label Set Text 2:Hide
PANGO:Hide
GTK:Label Set Text 2:Flip board view
PANGO:Flip board view
GTK:Label Set Text 2:Net colors:
PANGO:Net colors:
GTK:Label Set Text 2:All
PANGO:All
GTK:Label Set Text 2:Ratsnest
PANGO:Ratsnest
GTK:Label Set Text 2:None
PANGO:None
GTK:Label Set Text 2:Ratsnest display:
PANGO:Ratsnest display:
GTK:Label Set Text 2:All
PANGO:All
GTK:Label Set Text 2:Visible layers
PANGO:Visible layers
GTK:Label Set Text 2:None
PANGO:None
PANGO:Filter nets
PANGO:A
PANGO:B
PANGO:C
GTK:Label Set Text 2:Presets (Ctrl+Tab):
PANGO:Presets (Ctrl+Tab):
PANGO:Tracks
PANGO:Vias
PANGO:Pads
PANGO:Zones
PANGO:Filled Shapes
PANGO:Images
GTK:Label Set Text 2:Tracks
PANGO:Tracks
GTK:Label Set Text 2:Vias
PANGO:Vias
GTK:Label Set Text 2:Pads
PANGO:Pads
GTK:Label Set Text 2:Zones
PANGO:Zones
GTK:Label Set Text 2:Filled Shapes
PANGO:Filled Shapes
GTK:Label Set Text 2:Images
PANGO:Images
GTK:Label Set Text 2:Footprints Front
PANGO:Footprints Front
GTK:Label Set Text 2:Footprints Back
PANGO:Footprints Back
GTK:Label Set Text 2:Values
PANGO:Values
GTK:Label Set Text 2:References
PANGO:References
GTK:Label Set Text 2:Footprint Text
PANGO:Footprint Text
GTK:Label Set Text 2:Ratsnest
PANGO:Ratsnest
GTK:Label Set Text 2:DRC Warnings
PANGO:DRC Warnings
GTK:Label Set Text 2:DRC Errors
PANGO:DRC Errors
GTK:Label Set Text 2:DRC Exclusions
PANGO:DRC Exclusions
GTK:Label Set Text 2:Anchors
PANGO:Anchors
GTK:Label Set Text 2:Locked Item Shadow
PANGO:Locked Item Shadow
GTK:Label Set Text 2:Colliding Courtyards
PANGO:Colliding Courtyards
GTK:Label Set Text 2:Drawing Sheet
PANGO:Drawing Sheet
GTK:Label Set Text 2:Grid
PANGO:Grid
PANGO:Tracks
PANGO:Vias
PANGO:Pads
PANGO:Zones
PANGO:Filled Shapes
PANGO:Images
GTK:Label Set Text 2:F.Cu
PANGO:F.Cu
GTK:Label Set Text 2:B.Cu
PANGO:B.Cu
GTK:Label Set Text 2:F.Adhesive
PANGO:F.Adhesive
GTK:Label Set Text 2:B.Adhesive
PANGO:B.Adhesive
GTK:Label Set Text 2:F.Paste
PANGO:F.Paste
GTK:Label Set Text 2:B.Paste
PANGO:B.Paste
GTK:Label Set Text 2:F.Silkscreen
PANGO:F.Silkscreen
GTK:Label Set Text 2:B.Silkscreen
PANGO:B.Silkscreen
GTK:Label Set Text 2:F.Mask
PANGO:F.Mask
GTK:Label Set Text 2:B.Mask
PANGO:B.Mask
GTK:Label Set Text 2:User.Drawings
PANGO:User.Drawings
GTK:Label Set Text 2:User.Comments
PANGO:User.Comments
GTK:Label Set Text 2:User.Eco1
PANGO:User.Eco1
GTK:Label Set Text 2:User.Eco2
PANGO:User.Eco2
GTK:Label Set Text 2:Edge.Cuts
PANGO:Edge.Cuts
GTK:Label Set Text 2:Margin
PANGO:Margin
GTK:Label Set Text 2:F.Courtyard
PANGO:F.Courtyard
GTK:Label Set Text 2:B.Courtyard
PANGO:B.Courtyard
GTK:Label Set Text 2:F.Fab
PANGO:F.Fab
GTK:Label Set Text 2:B.Fab
PANGO:B.Fab
GTK:Label Set Text 2:User.1
PANGO:User.1
GTK:Label Set Text 2:User.2
PANGO:User.2
GTK:Label Set Text 2:User.3
PANGO:User.3
GTK:Label Set Text 2:User.4
PANGO:User.4
PANGO:Layer Display Options
GTK:Label Set Text 2:Normal
GTK:Label Set Text 2:Dim
GTK:Label Set Text 2:Hide
GTK:Label Set Text 2:Flip board view
GTK:Label Set Text 2:Show All Copper Layers
GTK:Label Set Text 2:Hide All Copper Layers
GTK:Label Set Text 2:Hide All Layers But Active
GTK:Label Set Text 2:Show All Non Copper Layers
GTK:Label Set Text 2:Hide All Non Copper Layers
GTK:Label Set Text 2:Show All Layers
GTK:Label Set Text 2:Hide All Layers
GTK:Label Set Text 2:Show Only Front Assembly Layers
GTK:Label Set Text 2:Show Only Front Layers
GTK:Label Set Text 2:Show Only Back Layers
GTK:Label Set Text 2:Show Only Back Assembly Layers
GTK:Label Set Text 2:Default
PANGO:Default
PANGO:Net Display Options
GTK:Label Set Text 2:All
GTK:Label Set Text 2:Ratsnest
GTK:Label Set Text 2:None
GTK:Label Set Text 2:All
GTK:Label Set Text 2:Visible layers
GTK:Label Set Text 2:None
GTK:Label Set Text 2:Viewports (Shift+Tab):
PANGO:Viewports (Shift+Tab):
PANGO:Search
* wrapping widget destroy
GTK:Label Set Text 2:Zoom to Selection
GTK:Label Set Text 2:Pan to Selection
GTK:Label Set Text 2:Search Hidden Fields
PANGO:H
PANGO:Search
PANGO:Filter
PANGO:00000,000 mm
PANGO:000
PANGO:MMMMMMMMMMMM
PANGO:Name
PANGO:Netclass
PANGO:Total Length
PANGO:Via Count
PANGO:Via Length
PANGO:Track Length
PANGO:Die Length
PANGO:Pad Count
PANGO:F.Cu
PANGO:B.Cu
IO:open:/usr/share/icons/hicolor/index.theme
IO:open64:0x0
IO:close:/usr/share/icons/hicolor/index.theme
IO:open:/usr/share/locale/locale.alias
IO:fopen64:re
IO:open:/usr/share/icons/hicolor/icon-theme.cache
IO:open64:0x0
IO:open:/usr/share/icons/hicolor/icon-theme.cache
IO:open64:0x0
IO:close:/usr/share/icons/hicolor/icon-theme.cache
IO:close:/usr/share/icons/hicolor/icon-theme.cache
IO:open:/usr/share/icons/icon-theme.cache
IO:open64:0x0
IO:open:/usr/share/pixmaps/icon-theme.cache
IO:open64:0x0
PANGO:All Copper Layers
PANGO:All Layers
PANGO:Back Assembly View
PANGO:Back Layers
PANGO:Front Assembly View
PANGO:Front Layers
PANGO:Inner Copper Layers
PANGO:No Layers
PANGO:---
PANGO:Save preset...
PANGO:Delete preset...
PANGO:All Copper Layers
PANGO:All Layers
PANGO:Back Assembly View
PANGO:Back Layers
PANGO:Front Assembly View
PANGO:Front Layers
PANGO:Inner Copper Layers
PANGO:No Layers
PANGO:---
PANGO:Save preset...
PANGO:Delete preset...
PANGO:All Copper Layers
PANGO:All Layers
PANGO:Back Assembly View
PANGO:Back Layers
PANGO:Front Assembly View
PANGO:Front Layers
PANGO:Inner Copper Layers
PANGO:No Layers
PANGO:---
PANGO:Save preset...
PANGO:Delete preset...
PANGO:---
PANGO:Save viewport...
PANGO:Delete viewport...
PANGO:---
PANGO:Save viewport...
PANGO:Delete viewport...
PANGO:---
PANGO:Save viewport...
PANGO:Delete viewport...
PANGO:F.Cu (PgUp)
PANGO:B.Cu (PgDn)
PANGO:F.Adhesive
PANGO:B.Adhesive
PANGO:F.Paste
PANGO:B.Paste
PANGO:F.Silkscreen
PANGO:B.Silkscreen
PANGO:F.Mask
PANGO:B.Mask
PANGO:User.Drawings
PANGO:User.Comments
PANGO:User.Eco1
PANGO:User.Eco2
PANGO:Edge.Cuts
PANGO:Margin
PANGO:F.Courtyard
PANGO:B.Courtyard
PANGO:F.Fab
PANGO:B.Fab
PANGO:User.1
PANGO:User.2
PANGO:User.3
PANGO:User.4
PANGO:F.Cu (PgUp)
PANGO:B.Cu (PgDn)
PANGO:F.Adhesive
PANGO:B.Adhesive
PANGO:F.Paste
PANGO:B.Paste
PANGO:F.Silkscreen
PANGO:B.Silkscreen
PANGO:F.Mask
PANGO:B.Mask
PANGO:User.Drawings
PANGO:User.Comments
PANGO:User.Eco1
PANGO:User.Eco2
PANGO:Edge.Cuts
PANGO:Margin
PANGO:F.Courtyard
PANGO:B.Courtyard
PANGO:F.Fab
PANGO:B.Fab
PANGO:User.1
PANGO:User.2
PANGO:User.3
PANGO:User.4
PANGO:F.Cu (PgUp)
PANGO:B.Cu (PgDn)
PANGO:F.Adhesive
PANGO:B.Adhesive
PANGO:F.Paste
PANGO:B.Paste
PANGO:F.Silkscreen
PANGO:B.Silkscreen
PANGO:F.Mask
PANGO:B.Mask
PANGO:User.Drawings
PANGO:User.Comments
PANGO:User.Eco1
PANGO:User.Eco2
PANGO:Edge.Cuts
PANGO:Margin
PANGO:F.Courtyard
PANGO:B.Courtyard
PANGO:F.Fab
PANGO:B.Fab
PANGO:User.1
PANGO:User.2
PANGO:User.3
PANGO:User.4
PANGO:H
PANGO:F.Cu (PgUp)
PANGO:B.Cu (PgDn)
PANGO:F.Adhesive
PANGO:B.Adhesive
PANGO:F.Paste
PANGO:B.Paste
PANGO:F.Silkscreen
PANGO:B.Silkscreen
PANGO:F.Mask
PANGO:B.Mask
PANGO:User.Drawings
PANGO:User.Comments
PANGO:User.Eco1
PANGO:User.Eco2
PANGO:Edge.Cuts
PANGO:Margin
PANGO:F.Courtyard
PANGO:B.Courtyard
PANGO:F.Fab
PANGO:B.Fab
PANGO:User.1
PANGO:User.2
PANGO:User.3
PANGO:User.4
PANGO:F.Cu (PgUp)
PANGO:B.Cu (PgDn)
PANGO:F.Adhesive
PANGO:B.Adhesive
PANGO:F.Paste
PANGO:B.Paste
PANGO:F.Silkscreen
PANGO:B.Silkscreen
PANGO:F.Mask
PANGO:B.Mask
PANGO:User.Drawings
PANGO:User.Comments
PANGO:User.Eco1
PANGO:User.Eco2
PANGO:Edge.Cuts
PANGO:Margin
PANGO:F.Courtyard
PANGO:B.Courtyard
PANGO:F.Fab
PANGO:B.Fab
PANGO:User.1
PANGO:User.2
PANGO:User.3
PANGO:User.4
PANGO:F.Cu (PgUp)
PANGO:B.Cu (PgDn)
PANGO:F.Adhesive
PANGO:B.Adhesive
PANGO:F.Paste
PANGO:B.Paste
PANGO:F.Silkscreen
PANGO:B.Silkscreen
PANGO:F.Mask
PANGO:B.Mask
PANGO:User.Drawings
PANGO:User.Comments
PANGO:User.Eco1
PANGO:User.Eco2
PANGO:Edge.Cuts
PANGO:Margin
PANGO:F.Courtyard
PANGO:B.Courtyard
PANGO:F.Fab
PANGO:B.Fab
PANGO:User.1
PANGO:User.2
PANGO:User.3
PANGO:User.4
PANGO:H
PANGO:Track: use netclass width
PANGO:---
PANGO:Edit Pre-defined Sizes...
PANGO:Track: use netclass width
PANGO:---
PANGO:Edit Pre-defined Sizes...
PANGO:Track: use netclass width
PANGO:---
PANGO:Edit Pre-defined Sizes...
PANGO:Via: use netclass sizes
PANGO:---
PANGO:Edit Pre-defined Sizes...
PANGO:Via: use netclass sizes
PANGO:---
PANGO:Edit Pre-defined Sizes...
PANGO:Via: use netclass sizes
PANGO:---
PANGO:Edit Pre-defined Sizes...
PANGO:Zoom Auto
PANGO:Zoom 0.13
PANGO:Zoom 0.22
PANGO:Zoom 0.35
PANGO:Zoom 0.60
PANGO:Zoom 1.00
PANGO:Zoom 1.50
PANGO:Zoom 2.20
PANGO:Zoom 3.50
PANGO:Zoom 5.00
PANGO:Zoom 8.00
PANGO:Zoom 13.00
PANGO:Zoom 20.00
PANGO:Zoom 35.00
PANGO:Zoom 50.00
PANGO:Zoom 80.00
PANGO:Zoom 130.00
PANGO:Zoom 220.00
PANGO:Zoom 300.00
PANGO:Zoom Auto
PANGO:Zoom 0.13
PANGO:Zoom 0.22
PANGO:Zoom 0.35
PANGO:Zoom 0.60
PANGO:Zoom 1.00
PANGO:Zoom 1.50
PANGO:Zoom 2.20
PANGO:Zoom 3.50
PANGO:Zoom 5.00
PANGO:Zoom 8.00
PANGO:Zoom 13.00
PANGO:Zoom 20.00
PANGO:Zoom 35.00
PANGO:Zoom 50.00
PANGO:Zoom 80.00
PANGO:Zoom 130.00
PANGO:Zoom 220.00
PANGO:Zoom 300.00
PANGO:Zoom Auto
PANGO:Zoom 0.13
PANGO:Zoom 0.22
PANGO:Zoom 0.35
PANGO:Zoom 0.60
PANGO:Zoom 1.00
PANGO:Zoom 1.50
PANGO:Zoom 2.20
PANGO:Zoom 3.50
PANGO:Zoom 5.00
PANGO:Zoom 8.00
PANGO:Zoom 13.00
PANGO:Zoom 20.00
PANGO:Zoom 35.00
PANGO:Zoom 50.00
PANGO:Zoom 80.00
PANGO:Zoom 130.00
PANGO:Zoom 220.00
PANGO:Zoom 300.00
PANGO:25.4000 mm (1000.00 mils)
PANGO:12.7000 mm (500.00 mils)
PANGO:6.3500 mm (250.00 mils)
PANGO:5.0800 mm (200.00 mils)
PANGO:2.5400 mm (100.00 mils)
PANGO:1.2700 mm (50.00 mils)
PANGO:0.6350 mm (25.00 mils)
PANGO:0.5080 mm (20.00 mils)
PANGO:0.2540 mm (10.00 mils)
PANGO:0.1270 mm (5.00 mils)
PANGO:0.0508 mm (2.00 mils)
PANGO:0.0254 mm (1.00 mils)
PANGO:5.0000 mm (196.85 mils)
PANGO:2.5000 mm (98.43 mils)
PANGO:1.0000 mm (39.37 mils)
PANGO:0.5000 mm (19.69 mils)
PANGO:0.2500 mm (9.84 mils)
PANGO:0.2000 mm (7.87 mils)
PANGO:0.1000 mm (3.94 mils)
PANGO:0.0500 mm (1.97 mils)
PANGO:0.0250 mm (0.98 mils)
PANGO:0.0100 mm (0.39 mils)
PANGO:---
PANGO:Edit Grids...
PANGO:25.4000 mm (1000.00 mils)
PANGO:12.7000 mm (500.00 mils)
PANGO:6.3500 mm (250.00 mils)
PANGO:5.0800 mm (200.00 mils)
PANGO:2.5400 mm (100.00 mils)
PANGO:1.2700 mm (50.00 mils)
PANGO:0.6350 mm (25.00 mils)
PANGO:0.5080 mm (20.00 mils)
PANGO:0.2540 mm (10.00 mils)
PANGO:0.1270 mm (5.00 mils)
PANGO:0.0508 mm (2.00 mils)
PANGO:0.0254 mm (1.00 mils)
PANGO:5.0000 mm (196.85 mils)
PANGO:2.5000 mm (98.43 mils)
PANGO:1.0000 mm (39.37 mils)
PANGO:0.5000 mm (19.69 mils)
PANGO:0.2500 mm (9.84 mils)
PANGO:0.2000 mm (7.87 mils)
PANGO:0.1000 mm (3.94 mils)
PANGO:0.0500 mm (1.97 mils)
PANGO:0.0250 mm (0.98 mils)
PANGO:0.0100 mm (0.39 mils)
PANGO:---
PANGO:Edit Grids...
PANGO:25.4000 mm (1000.00 mils)
PANGO:12.7000 mm (500.00 mils)
PANGO:6.3500 mm (250.00 mils)
PANGO:5.0800 mm (200.00 mils)
PANGO:2.5400 mm (100.00 mils)
PANGO:1.2700 mm (50.00 mils)
PANGO:0.6350 mm (25.00 mils)
PANGO:0.5080 mm (20.00 mils)
PANGO:0.2540 mm (10.00 mils)
PANGO:0.1270 mm (5.00 mils)
PANGO:0.0508 mm (2.00 mils)
PANGO:0.0254 mm (1.00 mils)
PANGO:5.0000 mm (196.85 mils)
PANGO:2.5000 mm (98.43 mils)
PANGO:1.0000 mm (39.37 mils)
PANGO:0.5000 mm (19.69 mils)
PANGO:0.2500 mm (9.84 mils)
PANGO:0.2000 mm (7.87 mils)
PANGO:0.1000 mm (3.94 mils)
PANGO:0.0500 mm (1.97 mils)
PANGO:0.0250 mm (0.98 mils)
PANGO:0.0100 mm (0.39 mils)
PANGO:---
PANGO:Edit Grids...
PANGO:F.Cu (PgUp)
PANGO:B.Cu (PgDn)
PANGO:F.Adhesive
PANGO:B.Adhesive
PANGO:F.Paste
PANGO:B.Paste
PANGO:F.Silkscreen
PANGO:B.Silkscreen
PANGO:F.Mask
PANGO:B.Mask
PANGO:User.Drawings
PANGO:User.Comments
PANGO:User.Eco1
PANGO:User.Eco2
PANGO:Edge.Cuts
PANGO:Margin
PANGO:F.Courtyard
PANGO:B.Courtyard
PANGO:F.Fab
PANGO:B.Fab
PANGO:User.1
PANGO:User.2
PANGO:User.3
PANGO:User.4
PANGO:H
PANGO:Pads      
PANGO:Vias      
PANGO:Track Segments      
PANGO:Nets      
PANGO:Unrouted      
PANGO:Pads      
PANGO:Vias      
PANGO:Track Segments      
PANGO:Nets      
PANGO:Unrouted      
GTK:Label Set Text 2:Default
PANGO:Default
PANGO:Net Display Options
GTK:Label Set Text 2:All
GTK:Label Set Text 2:Ratsnest
GTK:Label Set Text 2:None
GTK:Label Set Text 2:All
GTK:Label Set Text 2:Visible layers
GTK:Label Set Text 2:None
IO:open:/usr/lib/python3/dist-packages/__pycache__/pcbnew.cpython-313.pyc
IO:open64:0x1B6
IO:close:/usr/lib/python3/dist-packages/__pycache__/pcbnew.cpython-313.pyc
IO:open:/usr/lib/python3.13/importlib/__pycache__/__init__.cpython-313.pyc
IO:open64:0x1B6
IO:close:/usr/lib/python3.13/importlib/__pycache__/__init__.cpython-313.pyc
IO:open:/usr/lib/python3.13/importlib/metadata/__pycache__/__init__.cpython-313.pyc
IO:open64:0x1B6
IO:close:/usr/lib/python3.13/importlib/metadata/__pycache__/__init__.cpython-313.pyc
IO:open:/usr/lib/python3.13/json/__pycache__/__init__.cpython-313.pyc
IO:open64:0x1B6
IO:close:/usr/lib/python3.13/json/__pycache__/__init__.cpython-313.pyc
IO:open:/usr/lib/python3.13/json/__pycache__/decoder.cpython-313.pyc
IO:open64:0x1B6
IO:close:/usr/lib/python3.13/json/__pycache__/decoder.cpython-313.pyc
IO:open:/usr/lib/python3.13/json/__pycache__/scanner.cpython-313.pyc
IO:open64:0x1B6
IO:close:/usr/lib/python3.13/json/__pycache__/scanner.cpython-313.pyc
IO:open:/usr/lib/python3.13/json/__pycache__/encoder.cpython-313.pyc
IO:open64:0x1B6
IO:close:/usr/lib/python3.13/json/__pycache__/encoder.cpython-313.pyc
IO:open:/usr/lib/python3.13/email/__pycache__/__init__.cpython-313.pyc
IO:open64:0x1B6
IO:close:/usr/lib/python3.13/email/__pycache__/__init__.cpython-313.pyc
IO:open:/usr/lib/python3.13/__pycache__/inspect.cpython-313.pyc
IO:open64:0x1B6
IO:close:/usr/lib/python3.13/__pycache__/inspect.cpython-313.pyc
IO:open:/usr/lib/python3.13/__pycache__/ast.cpython-313.pyc
IO:open64:0x1B6
IO:close:/usr/lib/python3.13/__pycache__/ast.cpython-313.pyc
IO:open:/usr/lib/python3.13/__pycache__/dis.cpython-313.pyc
IO:open64:0x1B6
IO:close:/usr/lib/python3.13/__pycache__/dis.cpython-313.pyc
IO:open:/usr/lib/python3.13/__pycache__/opcode.cpython-313.pyc
IO:open64:0x1B6
IO:close:/usr/lib/python3.13/__pycache__/opcode.cpython-313.pyc
IO:open:/usr/lib/python3.13/__pycache__/_opcode_metadata.cpython-313.pyc
IO:open64:0x1B6
IO:close:/usr/lib/python3.13/__pycache__/_opcode_metadata.cpython-313.pyc
IO:open:/usr/lib/python3.13/__pycache__/tokenize.cpython-313.pyc
IO:open64:0x1B6
IO:close:/usr/lib/python3.13/__pycache__/tokenize.cpython-313.pyc
IO:open:/usr/lib/python3.13/__pycache__/token.cpython-313.pyc
IO:open64:0x1B6
IO:close:/usr/lib/python3.13/__pycache__/token.cpython-313.pyc
IO:open:/usr/lib/python3.13/__pycache__/weakref.cpython-313.pyc
IO:open64:0x1B6
IO:close:/usr/lib/python3.13/__pycache__/weakref.cpython-313.pyc
IO:open:/usr/lib/python3.13/__pycache__/_weakrefset.cpython-313.pyc
IO:open64:0x1B6
IO:close:/usr/lib/python3.13/__pycache__/_weakrefset.cpython-313.pyc
IO:open:/usr/lib/python3.13/pathlib/__pycache__/__init__.cpython-313.pyc
IO:open64:0x1B6
IO:close:/usr/lib/python3.13/pathlib/__pycache__/__init__.cpython-313.pyc
IO:open:/usr/lib/python3.13/pathlib/__pycache__/_abc.cpython-313.pyc
IO:open64:0x1B6
IO:close:/usr/lib/python3.13/pathlib/__pycache__/_abc.cpython-313.pyc
IO:open:/usr/lib/python3.13/__pycache__/glob.cpython-313.pyc
IO:open64:0x1B6
IO:close:/usr/lib/python3.13/__pycache__/glob.cpython-313.pyc
IO:open:/usr/lib/python3.13/__pycache__/fnmatch.cpython-313.pyc
IO:open64:0x1B6
IO:close:/usr/lib/python3.13/__pycache__/fnmatch.cpython-313.pyc
IO:open:/usr/lib/python3.13/pathlib/__pycache__/_local.cpython-313.pyc
IO:open64:0x1B6
IO:close:/usr/lib/python3.13/pathlib/__pycache__/_local.cpython-313.pyc
IO:open:/usr/lib/python3.13/zipfile/__pycache__/__init__.cpython-313.pyc
IO:open64:0x1B6
IO:close:/usr/lib/python3.13/zipfile/__pycache__/__init__.cpython-313.pyc
IO:open:/usr/lib/python3.13/importlib/__pycache__/_abc.cpython-313.pyc
IO:open64:0x1B6
IO:close:/usr/lib/python3.13/importlib/__pycache__/_abc.cpython-313.pyc
IO:open:/usr/lib/python3.13/__pycache__/shutil.cpython-313.pyc
IO:open64:0x1B6
IO:close:/usr/lib/python3.13/__pycache__/shutil.cpython-313.pyc
IO:open:/usr/lib/python3.13/__pycache__/bz2.cpython-313.pyc
IO:open64:0x1B6
IO:close:/usr/lib/python3.13/__pycache__/bz2.cpython-313.pyc
IO:open:/usr/lib/python3.13/__pycache__/_compression.cpython-313.pyc
IO:open64:0x1B6
IO:close:/usr/lib/python3.13/__pycache__/_compression.cpython-313.pyc
IO:open:/usr/lib/python3.13/__pycache__/lzma.cpython-313.pyc
IO:open64:0x1B6
IO:close:/usr/lib/python3.13/__pycache__/lzma.cpython-313.pyc
IO:open:/usr/lib/python3.13/__pycache__/struct.cpython-313.pyc
IO:open64:0x1B6
IO:close:/usr/lib/python3.13/__pycache__/struct.cpython-313.pyc
IO:open:/usr/lib/python3.13/__pycache__/threading.cpython-313.pyc
IO:open64:0x1B6
IO:close:/usr/lib/python3.13/__pycache__/threading.cpython-313.pyc
IO:open:/usr/lib/python3.13/zipfile/_path/__pycache__/__init__.cpython-313.pyc
IO:open64:0x1B6
IO:close:/usr/lib/python3.13/zipfile/_path/__pycache__/__init__.cpython-313.pyc
IO:open:/usr/lib/python3.13/zipfile/_path/__pycache__/glob.cpython-313.pyc
IO:open64:0x1B6
IO:close:/usr/lib/python3.13/zipfile/_path/__pycache__/glob.cpython-313.pyc
IO:open:/usr/lib/python3.13/importlib/metadata/__pycache__/_meta.cpython-313.pyc
IO:open64:0x1B6
IO:close:/usr/lib/python3.13/importlib/metadata/__pycache__/_meta.cpython-313.pyc
IO:open:/usr/lib/python3.13/importlib/metadata/__pycache__/_collections.cpython-313.pyc
IO:open64:0x1B6
IO:close:/usr/lib/python3.13/importlib/metadata/__pycache__/_collections.cpython-313.pyc
IO:open:/usr/lib/python3.13/importlib/metadata/__pycache__/_functools.cpython-313.pyc
IO:open64:0x1B6
IO:close:/usr/lib/python3.13/importlib/metadata/__pycache__/_functools.cpython-313.pyc
IO:open:/usr/lib/python3.13/importlib/metadata/__pycache__/_itertools.cpython-313.pyc
IO:open64:0x1B6
IO:close:/usr/lib/python3.13/importlib/metadata/__pycache__/_itertools.cpython-313.pyc
IO:open:/usr/lib/python3.13/importlib/__pycache__/abc.cpython-313.pyc
IO:open64:0x1B6
IO:close:/usr/lib/python3.13/importlib/__pycache__/abc.cpython-313.pyc
IO:open:/usr/lib/python3.13/importlib/resources/__pycache__/__init__.cpython-313.pyc
IO:open64:0x1B6
IO:close:/usr/lib/python3.13/importlib/resources/__pycache__/__init__.cpython-313.pyc
IO:open:/usr/lib/python3.13/importlib/resources/__pycache__/_common.cpython-313.pyc
IO:open64:0x1B6
IO:close:/usr/lib/python3.13/importlib/resources/__pycache__/_common.cpython-313.pyc
IO:open:/usr/lib/python3.13/__pycache__/tempfile.cpython-313.pyc
IO:open64:0x1B6
IO:close:/usr/lib/python3.13/__pycache__/tempfile.cpython-313.pyc
IO:open:/usr/lib/python3.13/__pycache__/random.cpython-313.pyc
IO:open64:0x1B6
IO:close:/usr/lib/python3.13/__pycache__/random.cpython-313.pyc
IO:open:/usr/lib/python3.13/__pycache__/bisect.cpython-313.pyc
IO:open64:0x1B6
IO:close:/usr/lib/python3.13/__pycache__/bisect.cpython-313.pyc
IO:open:/usr/lib/python3.13/importlib/resources/__pycache__/abc.cpython-313.pyc
IO:open64:0x1B6
IO:close:/usr/lib/python3.13/importlib/resources/__pycache__/abc.cpython-313.pyc
IO:open:/usr/lib/python3.13/importlib/resources/__pycache__/_functional.cpython-313.pyc
IO:open64:0x1B6
IO:close:/usr/lib/python3.13/importlib/resources/__pycache__/_functional.cpython-313.pyc
IO:open:/usr/share/kicad/scripting/kicad_pyshell/__pycache__/__init__.cpython-313.pyc
IO:open64:0x1B6
IO:close:/usr/share/kicad/scripting/kicad_pyshell/__pycache__/__init__.cpython-313.pyc
IO:open:/usr/lib/python3/dist-packages/wx/py/__pycache__/__init__.cpython-313.pyc
IO:open64:0x1B6
IO:close:/usr/lib/python3/dist-packages/wx/py/__pycache__/__init__.cpython-313.pyc
IO:open:/usr/lib/python3/dist-packages/wx/py/__pycache__/buffer.cpython-313.pyc
IO:open64:0x1B6
IO:close:/usr/lib/python3/dist-packages/wx/py/__pycache__/buffer.cpython-313.pyc
IO:open:/usr/lib/python3/dist-packages/wx/py/__pycache__/interpreter.cpython-313.pyc
IO:open64:0x1B6
IO:close:/usr/lib/python3/dist-packages/wx/py/__pycache__/interpreter.cpython-313.pyc
IO:open:/usr/lib/python3.13/__pycache__/code.cpython-313.pyc
IO:open64:0x1B6
IO:close:/usr/lib/python3.13/__pycache__/code.cpython-313.pyc
IO:open:/usr/lib/python3.13/__pycache__/codeop.cpython-313.pyc
IO:open64:0x1B6
IO:close:/usr/lib/python3.13/__pycache__/codeop.cpython-313.pyc
IO:open:/usr/lib/python3/dist-packages/wx/py/__pycache__/dispatcher.cpython-313.pyc
IO:open64:0x1B6
IO:close:/usr/lib/python3/dist-packages/wx/py/__pycache__/dispatcher.cpython-313.pyc
IO:open:/usr/lib/python3/dist-packages/wx/py/__pycache__/introspect.cpython-313.pyc
IO:open64:0x1B6
IO:close:/usr/lib/python3/dist-packages/wx/py/__pycache__/introspect.cpython-313.pyc
IO:open:/usr/lib/python3/dist-packages/wx/py/__pycache__/document.cpython-313.pyc
IO:open64:0x1B6
IO:close:/usr/lib/python3/dist-packages/wx/py/__pycache__/document.cpython-313.pyc
IO:open:/usr/lib/python3/dist-packages/wx/py/__pycache__/crust.cpython-313.pyc
IO:open64:0x1B6
IO:close:/usr/lib/python3/dist-packages/wx/py/__pycache__/crust.cpython-313.pyc
IO:open:/usr/lib/python3.13/__pycache__/pprint.cpython-313.pyc
IO:open64:0x1B6
IO:close:/usr/lib/python3.13/__pycache__/pprint.cpython-313.pyc
IO:open:/usr/lib/python3.13/__pycache__/dataclasses.cpython-313.pyc
IO:open64:0x1B6
IO:close:/usr/lib/python3.13/__pycache__/dataclasses.cpython-313.pyc
IO:open:/usr/lib/python3.13/__pycache__/copy.cpython-313.pyc
IO:open64:0x1B6
IO:close:/usr/lib/python3.13/__pycache__/copy.cpython-313.pyc
IO:open:/usr/lib/python3/dist-packages/wx/py/__pycache__/editwindow.cpython-313.pyc
IO:open64:0x1B6
IO:close:/usr/lib/python3/dist-packages/wx/py/__pycache__/editwindow.cpython-313.pyc
IO:open:/usr/lib/python3/dist-packages/wx/__pycache__/stc.cpython-313.pyc
IO:open64:0x1B6
IO:close:/usr/lib/python3/dist-packages/wx/__pycache__/stc.cpython-313.pyc
IO:open:/usr/lib/python3/dist-packages/wx/py/__pycache__/version.cpython-313.pyc
IO:open64:0x1B6
IO:close:/usr/lib/python3/dist-packages/wx/py/__pycache__/version.cpython-313.pyc
IO:open:/usr/lib/python3/dist-packages/wx/py/__pycache__/filling.cpython-313.pyc
IO:open64:0x1B6
IO:close:/usr/lib/python3/dist-packages/wx/py/__pycache__/filling.cpython-313.pyc
IO:open:/usr/lib/python3/dist-packages/wx/py/__pycache__/images.cpython-313.pyc
IO:open64:0x1B6
IO:close:/usr/lib/python3/dist-packages/wx/py/__pycache__/images.cpython-313.pyc
IO:open:/usr/lib/python3/dist-packages/wx/py/__pycache__/frame.cpython-313.pyc
IO:open64:0x1B6
IO:close:/usr/lib/python3/dist-packages/wx/py/__pycache__/frame.cpython-313.pyc
IO:open:/usr/lib/python3/dist-packages/wx/py/__pycache__/shell.cpython-313.pyc
IO:open64:0x1B6
IO:close:/usr/lib/python3/dist-packages/wx/py/__pycache__/shell.cpython-313.pyc
IO:open:/usr/lib/python3/dist-packages/wx/py/__pycache__/pseudo.cpython-313.pyc
IO:open64:0x1B6
IO:close:/usr/lib/python3/dist-packages/wx/py/__pycache__/pseudo.cpython-313.pyc
IO:open:/usr/lib/python3/dist-packages/wx/py/__pycache__/magic.cpython-313.pyc
IO:open64:0x1B6
IO:close:/usr/lib/python3/dist-packages/wx/py/__pycache__/magic.cpython-313.pyc
IO:open:/usr/lib/python3/dist-packages/wx/py/__pycache__/parse.cpython-313.pyc
IO:open64:0x1B6
IO:close:/usr/lib/python3/dist-packages/wx/py/__pycache__/parse.cpython-313.pyc
IO:open:/usr/lib/python3/dist-packages/wx/py/__pycache__/path.cpython-313.pyc
IO:open64:0x1B6
IO:close:/usr/lib/python3/dist-packages/wx/py/__pycache__/path.cpython-313.pyc
IO:open:/usr/lib/python3.13/__pycache__/subprocess.cpython-313.pyc
IO:open64:0x1B6
IO:close:/usr/lib/python3.13/__pycache__/subprocess.cpython-313.pyc
IO:open:/usr/lib/python3.13/__pycache__/locale.cpython-313.pyc
IO:open64:0x1B6
IO:close:/usr/lib/python3.13/__pycache__/locale.cpython-313.pyc
IO:open:/usr/lib/python3.13/__pycache__/signal.cpython-313.pyc
IO:open64:0x1B6
IO:close:/usr/lib/python3.13/__pycache__/signal.cpython-313.pyc
IO:open:/usr/lib/python3.13/__pycache__/selectors.cpython-313.pyc
IO:open64:0x1B6
IO:close:/usr/lib/python3.13/__pycache__/selectors.cpython-313.pyc
IO:close:anon_inode:[eventpoll]
IO:open:/usr/lib/python3/dist-packages/wx/py/__pycache__/crustslices.cpython-313.pyc
IO:open64:0x1B6
IO:close:/usr/lib/python3/dist-packages/wx/py/__pycache__/crustslices.cpython-313.pyc
IO:open:/usr/lib/python3/dist-packages/wx/py/__pycache__/editor.cpython-313.pyc
IO:open64:0x1B6
IO:close:/usr/lib/python3/dist-packages/wx/py/__pycache__/editor.cpython-313.pyc
IO:open:/usr/lib/python3/dist-packages/wx/py/__pycache__/sliceshell.cpython-313.pyc
IO:open64:0x1B6
IO:close:/usr/lib/python3/dist-packages/wx/py/__pycache__/sliceshell.cpython-313.pyc
IO:open:/usr/share/kicad/scripting/kicad_pyshell/__pycache__/kicad_pyeditor.cpython-313.pyc
IO:open64:0x1B6
IO:close:/usr/share/kicad/scripting/kicad_pyshell/__pycache__/kicad_pyeditor.cpython-313.pyc
IO:open:/usr/share/kicad/scripting/plugins/__pycache__/__init__.cpython-313.pyc
IO:open64:0x1B6
IO:close:/usr/share/kicad/scripting/plugins/__pycache__/__init__.cpython-313.pyc
IO:open:/usr/share/kicad/scripting/plugins/__pycache__/FPC_wizard.cpython-313.pyc
IO:open64:0x1B6
IO:close:/usr/share/kicad/scripting/plugins/__pycache__/FPC_wizard.cpython-313.pyc
IO:open:/usr/share/kicad/scripting/plugins/__pycache__/FootprintWizardBase.cpython-313.pyc
IO:open64:0x1B6
IO:close:/usr/share/kicad/scripting/plugins/__pycache__/FootprintWizardBase.cpython-313.pyc
IO:open:/usr/share/kicad/scripting/plugins/__pycache__/PadArray.cpython-313.pyc
IO:open64:0x1B6
IO:close:/usr/share/kicad/scripting/plugins/__pycache__/PadArray.cpython-313.pyc
IO:open:/usr/share/kicad/scripting/plugins/__pycache__/arc_test.cpython-313.pyc
IO:open64:0x1B6
IO:close:/usr/share/kicad/scripting/plugins/__pycache__/arc_test.cpython-313.pyc
IO:open:/usr/share/kicad/scripting/plugins/__pycache__/bga_wizard.cpython-313.pyc
IO:open64:0x1B6
IO:close:/usr/share/kicad/scripting/plugins/__pycache__/bga_wizard.cpython-313.pyc
IO:open:/usr/share/kicad/scripting/plugins/__pycache__/circular_pad_array_wizard.cpython-313.pyc
IO:open64:0x1B6
IO:close:/usr/share/kicad/scripting/plugins/__pycache__/circular_pad_array_wizard.cpython-313.pyc
IO:open:/usr/share/kicad/scripting/plugins/__pycache__/kicad_qrcode.cpython-313.pyc
IO:open64:0x1B6
IO:close:/usr/share/kicad/scripting/plugins/__pycache__/kicad_qrcode.cpython-313.pyc
IO:open:/usr/share/kicad/scripting/plugins/__pycache__/microMatch_connectors.cpython-313.pyc
IO:open64:0x1B6
IO:close:/usr/share/kicad/scripting/plugins/__pycache__/microMatch_connectors.cpython-313.pyc
IO:open:/usr/share/kicad/scripting/plugins/__pycache__/mutualcap_button_wizard.cpython-313.pyc
IO:open64:0x1B6
IO:close:/usr/share/kicad/scripting/plugins/__pycache__/mutualcap_button_wizard.cpython-313.pyc
IO:open:/usr/share/kicad/scripting/plugins/__pycache__/qfn_wizard.cpython-313.pyc
IO:open64:0x1B6
IO:close:/usr/share/kicad/scripting/plugins/__pycache__/qfn_wizard.cpython-313.pyc
IO:open:/usr/share/kicad/scripting/plugins/__pycache__/qfp_wizard.cpython-313.pyc
IO:open64:0x1B6
IO:close:/usr/share/kicad/scripting/plugins/__pycache__/qfp_wizard.cpython-313.pyc
IO:open:/usr/share/kicad/scripting/plugins/__pycache__/qrcode_footprint_wizard.cpython-313.pyc
IO:open64:0x1B6
IO:close:/usr/share/kicad/scripting/plugins/__pycache__/qrcode_footprint_wizard.cpython-313.pyc
IO:open:/usr/share/kicad/scripting/plugins/__pycache__/scrollwheel_wizard.cpython-313.pyc
IO:open64:0x1B6
IO:close:/usr/share/kicad/scripting/plugins/__pycache__/scrollwheel_wizard.cpython-313.pyc
IO:open:/usr/share/kicad/scripting/plugins/__pycache__/sdip_wizard.cpython-313.pyc
IO:open64:0x1B6
IO:close:/usr/share/kicad/scripting/plugins/__pycache__/sdip_wizard.cpython-313.pyc
IO:open:/usr/share/kicad/scripting/plugins/__pycache__/touch_slider_wizard.cpython-313.pyc
IO:open64:0x1B6
IO:close:/usr/share/kicad/scripting/plugins/__pycache__/touch_slider_wizard.cpython-313.pyc
IO:open:/usr/share/kicad/scripting/plugins/__pycache__/uss39_barcode.cpython-313.pyc
IO:open64:0x1B6
IO:close:/usr/share/kicad/scripting/plugins/__pycache__/uss39_barcode.cpython-313.pyc
IO:open:/usr/share/kicad/scripting/plugins/__pycache__/zip_wizard.cpython-313.pyc
IO:open64:0x1B6
IO:close:/usr/share/kicad/scripting/plugins/__pycache__/zip_wizard.cpython-313.pyc
IO:open:/usr/lib/python3/dist-packages/InteractiveHtmlBom/__pycache__/__init__.cpython-313.pyc
IO:open64:0x1B6
IO:close:/usr/lib/python3/dist-packages/InteractiveHtmlBom/__pycache__/__init__.cpython-313.pyc
IO:open:/usr/lib/python3/dist-packages/wx/__pycache__/aui.cpython-313.pyc
IO:open64:0x1B6
IO:close:/usr/lib/python3/dist-packages/wx/__pycache__/aui.cpython-313.pyc
IO:open:/usr/lib/python3/dist-packages/InteractiveHtmlBom/ecad/__pycache__/__init__.cpython-313.pyc
IO:open64:0x1B6
IO:close:/usr/lib/python3/dist-packages/InteractiveHtmlBom/ecad/__pycache__/__init__.cpython-313.pyc
IO:open:/usr/lib/python3/dist-packages/InteractiveHtmlBom/ecad/__pycache__/kicad.cpython-313.pyc
IO:open64:0x1B6
IO:close:/usr/lib/python3/dist-packages/InteractiveHtmlBom/ecad/__pycache__/kicad.cpython-313.pyc
IO:open:/usr/lib/python3/dist-packages/InteractiveHtmlBom/ecad/__pycache__/common.cpython-313.pyc
IO:open64:0x1B6
IO:close:/usr/lib/python3/dist-packages/InteractiveHtmlBom/ecad/__pycache__/common.cpython-313.pyc
IO:open:/usr/lib/python3/dist-packages/InteractiveHtmlBom/ecad/__pycache__/svgpath.cpython-313.pyc
IO:open64:0x1B6
IO:close:/usr/lib/python3/dist-packages/InteractiveHtmlBom/ecad/__pycache__/svgpath.cpython-313.pyc
IO:open:/usr/lib/python3/dist-packages/InteractiveHtmlBom/ecad/kicad_extra/__pycache__/__init__.cpython-313.pyc
IO:open64:0x1B6
IO:close:/usr/lib/python3/dist-packages/InteractiveHtmlBom/ecad/kicad_extra/__pycache__/__init__.cpython-313.pyc
IO:open:/usr/lib/python3/dist-packages/InteractiveHtmlBom/ecad/kicad_extra/__pycache__/xmlparser.cpython-313.pyc
IO:open64:0x1B6
IO:close:/usr/lib/python3/dist-packages/InteractiveHtmlBom/ecad/kicad_extra/__pycache__/xmlparser.cpython-313.pyc
IO:open:/usr/lib/python3.13/xml/__pycache__/__init__.cpython-313.pyc
IO:open64:0x1B6
IO:close:/usr/lib/python3.13/xml/__pycache__/__init__.cpython-313.pyc
IO:open:/usr/lib/python3.13/xml/dom/__pycache__/__init__.cpython-313.pyc
IO:open64:0x1B6
IO:close:/usr/lib/python3.13/xml/dom/__pycache__/__init__.cpython-313.pyc
IO:open:/usr/lib/python3.13/xml/dom/__pycache__/domreg.cpython-313.pyc
IO:open64:0x1B6
IO:close:/usr/lib/python3.13/xml/dom/__pycache__/domreg.cpython-313.pyc
IO:open:/usr/lib/python3.13/xml/dom/__pycache__/minidom.cpython-313.pyc
IO:open64:0x1B6
IO:close:/usr/lib/python3.13/xml/dom/__pycache__/minidom.cpython-313.pyc
IO:open:/usr/lib/python3.13/xml/dom/__pycache__/minicompat.cpython-313.pyc
IO:open64:0x1B6
IO:close:/usr/lib/python3.13/xml/dom/__pycache__/minicompat.cpython-313.pyc
IO:open:/usr/lib/python3.13/xml/dom/__pycache__/xmlbuilder.cpython-313.pyc
IO:open64:0x1B6
IO:close:/usr/lib/python3.13/xml/dom/__pycache__/xmlbuilder.cpython-313.pyc
IO:open:/usr/lib/python3.13/xml/dom/__pycache__/NodeFilter.cpython-313.pyc
IO:open64:0x1B6
IO:close:/usr/lib/python3.13/xml/dom/__pycache__/NodeFilter.cpython-313.pyc
IO:open:/usr/lib/python3/dist-packages/InteractiveHtmlBom/ecad/kicad_extra/__pycache__/parser_base.cpython-313.pyc
IO:open64:0x1B6
IO:close:/usr/lib/python3/dist-packages/InteractiveHtmlBom/ecad/kicad_extra/__pycache__/parser_base.cpython-313.pyc
IO:open:/usr/lib/python3/dist-packages/InteractiveHtmlBom/ecad/kicad_extra/__pycache__/netlistparser.cpython-313.pyc
IO:open64:0x1B6
IO:close:/usr/lib/python3/dist-packages/InteractiveHtmlBom/ecad/kicad_extra/__pycache__/netlistparser.cpython-313.pyc
IO:open:/usr/lib/python3/dist-packages/InteractiveHtmlBom/ecad/kicad_extra/__pycache__/sexpressions.cpython-313.pyc
IO:open64:0x1B6
IO:close:/usr/lib/python3/dist-packages/InteractiveHtmlBom/ecad/kicad_extra/__pycache__/sexpressions.cpython-313.pyc
IO:open:/usr/lib/python3/dist-packages/InteractiveHtmlBom/core/__pycache__/__init__.cpython-313.pyc
IO:open64:0x1B6
IO:close:/usr/lib/python3/dist-packages/InteractiveHtmlBom/core/__pycache__/__init__.cpython-313.pyc
IO:open:/usr/lib/python3/dist-packages/InteractiveHtmlBom/core/__pycache__/ibom.cpython-313.pyc
IO:open64:0x1B6
IO:close:/usr/lib/python3/dist-packages/InteractiveHtmlBom/core/__pycache__/ibom.cpython-313.pyc
IO:open:/usr/lib/python3.13/logging/__pycache__/__init__.cpython-313.pyc
IO:open64:0x1B6
IO:close:/usr/lib/python3.13/logging/__pycache__/__init__.cpython-313.pyc
IO:open:/usr/lib/python3.13/__pycache__/string.cpython-313.pyc
IO:open64:0x1B6
IO:close:/usr/lib/python3.13/__pycache__/string.cpython-313.pyc
IO:open:/usr/lib/python3/dist-packages/InteractiveHtmlBom/core/__pycache__/units.cpython-313.pyc
IO:open64:0x1B6
IO:close:/usr/lib/python3/dist-packages/InteractiveHtmlBom/core/__pycache__/units.cpython-313.pyc
IO:open:/usr/lib/python3/dist-packages/InteractiveHtmlBom/core/__pycache__/config.cpython-313.pyc
IO:open64:0x1B6
IO:close:/usr/lib/python3/dist-packages/InteractiveHtmlBom/core/__pycache__/config.cpython-313.pyc
IO:open:/usr/lib/python3.13/__pycache__/argparse.cpython-313.pyc
IO:open64:0x1B6
IO:close:/usr/lib/python3.13/__pycache__/argparse.cpython-313.pyc
IO:open:/usr/lib/python3.13/__pycache__/gettext.cpython-313.pyc
IO:open64:0x1B6
IO:close:/usr/lib/python3.13/__pycache__/gettext.cpython-313.pyc
IO:open:/usr/lib/python3/dist-packages/InteractiveHtmlBom/dialog/__pycache__/__init__.cpython-313.pyc
IO:open64:0x1B6
IO:close:/usr/lib/python3/dist-packages/InteractiveHtmlBom/dialog/__pycache__/__init__.cpython-313.pyc
IO:open:/usr/lib/python3/dist-packages/InteractiveHtmlBom/dialog/__pycache__/settings_dialog.cpython-313.pyc
IO:open64:0x1B6
IO:close:/usr/lib/python3/dist-packages/InteractiveHtmlBom/dialog/__pycache__/settings_dialog.cpython-313.pyc
IO:open:/usr/lib/python3/dist-packages/wx/__pycache__/grid.cpython-313.pyc
IO:open64:0x1B6
IO:close:/usr/lib/python3/dist-packages/wx/__pycache__/grid.cpython-313.pyc
IO:open:/usr/lib/python3/dist-packages/InteractiveHtmlBom/dialog/__pycache__/dialog_base.cpython-313.pyc
IO:open64:0x1B6
IO:close:/usr/lib/python3/dist-packages/InteractiveHtmlBom/dialog/__pycache__/dialog_base.cpython-313.pyc
IO:open:/usr/lib/python3/dist-packages/wx/__pycache__/xrc.cpython-313.pyc
IO:open64:0x1B6
IO:close:/usr/lib/python3/dist-packages/wx/__pycache__/xrc.cpython-313.pyc
IO:open:/usr/lib/python3/dist-packages/InteractiveHtmlBom/__pycache__/errors.cpython-313.pyc
IO:open64:0x1B6
IO:close:/usr/lib/python3/dist-packages/InteractiveHtmlBom/__pycache__/errors.cpython-313.pyc
IO:open:/usr/lib/python3/dist-packages/InteractiveHtmlBom/core/__pycache__/fontparser.cpython-313.pyc
IO:open64:0x1B6
IO:close:/usr/lib/python3/dist-packages/InteractiveHtmlBom/core/__pycache__/fontparser.cpython-313.pyc
IO:open:/usr/lib/python3/dist-packages/InteractiveHtmlBom/core/__pycache__/newstroke_font.cpython-313.pyc
IO:open64:0x1B6
IO:close:/usr/lib/python3/dist-packages/InteractiveHtmlBom/core/__pycache__/newstroke_font.cpython-313.pyc
IO:open:/usr/lib/python3/dist-packages/InteractiveHtmlBom/icon.png
IO:fopen64:rb
IO:close:/usr/lib/python3/dist-packages/InteractiveHtmlBom/icon.png
IO:open:/usr/share/kicad/scripting/plugins/KiKit/__pycache__/__init__.cpython-313.pyc
IO:open64:0x1B6
IO:close:/usr/share/kicad/scripting/plugins/KiKit/__pycache__/__init__.cpython-313.pyc
IO:open:/usr/lib/python3/dist-packages/kikit/__pycache__/__init__.cpython-313.pyc
IO:open64:0x1B6
IO:close:/usr/lib/python3/dist-packages/kikit/__pycache__/__init__.cpython-313.pyc
IO:open:/usr/lib/python3/dist-packages/kikit/__pycache__/_version.cpython-313.pyc
IO:open64:0x1B6
IO:close:/usr/lib/python3/dist-packages/kikit/__pycache__/_version.cpython-313.pyc
IO:open:/usr/lib/python3/dist-packages/kikit/actionPlugins/__pycache__/__init__.cpython-313.pyc
IO:open64:0x1B6
IO:close:/usr/lib/python3/dist-packages/kikit/actionPlugins/__pycache__/__init__.cpython-313.pyc
IO:open:/usr/lib/python3/dist-packages/kikit/actionPlugins/__pycache__/hideReferences.cpython-313.pyc
IO:open64:0x1B6
IO:close:/usr/lib/python3/dist-packages/kikit/actionPlugins/__pycache__/hideReferences.cpython-313.pyc
IO:open:/usr/lib/python3/dist-packages/pcbnewTransition/__pycache__/__init__.cpython-313.pyc
IO:open64:0x1B6
IO:close:/usr/lib/python3/dist-packages/pcbnewTransition/__pycache__/__init__.cpython-313.pyc
IO:open:/usr/lib/python3/dist-packages/pcbnewTransition/__pycache__/_version.cpython-313.pyc
IO:open64:0x1B6
IO:close:/usr/lib/python3/dist-packages/pcbnewTransition/__pycache__/_version.cpython-313.pyc
IO:open:/usr/lib/python3.13/ctypes/__pycache__/__init__.cpython-313.pyc
IO:open64:0x1B6
IO:close:/usr/lib/python3.13/ctypes/__pycache__/__init__.cpython-313.pyc
IO:open:/usr/lib/python3.13/ctypes/__pycache__/_endian.cpython-313.pyc
IO:open64:0x1B6
IO:close:/usr/lib/python3.13/ctypes/__pycache__/_endian.cpython-313.pyc
IO:open:/usr/lib/python3/dist-packages/pcbnewTransition/__pycache__/transition.cpython-313.pyc
IO:open64:0x1B6
IO:close:/usr/lib/python3/dist-packages/pcbnewTransition/__pycache__/transition.cpython-313.pyc
IO:open:/usr/lib/python3/dist-packages/kikit/__pycache__/modify.cpython-313.pyc
IO:open64:0x1B6
IO:close:/usr/lib/python3/dist-packages/kikit/__pycache__/modify.cpython-313.pyc
IO:open:/usr/lib/python3/dist-packages/kikit/__pycache__/defs.cpython-313.pyc
IO:open64:0x1B6
IO:close:/usr/lib/python3/dist-packages/kikit/__pycache__/defs.cpython-313.pyc
IO:open:/usr/lib/python3/dist-packages/kikit/__pycache__/units.cpython-313.pyc
IO:open64:0x1B6
IO:close:/usr/lib/python3/dist-packages/kikit/__pycache__/units.cpython-313.pyc
IO:open:/usr/lib/python3/dist-packages/kikit/__pycache__/common.cpython-313.pyc
IO:open64:0x1B6
IO:close:/usr/lib/python3/dist-packages/kikit/__pycache__/common.cpython-313.pyc
IO:open:/usr/lib/python3/dist-packages/kikit/__pycache__/typing.cpython-313.pyc
IO:open64:0x1B6
IO:close:/usr/lib/python3/dist-packages/kikit/__pycache__/typing.cpython-313.pyc
IO:open:/usr/lib/python3/dist-packages/kikit/__pycache__/intervals.cpython-313.pyc
IO:open64:0x1B6
IO:close:/usr/lib/python3/dist-packages/kikit/__pycache__/intervals.cpython-313.pyc
IO:open:/usr/lib/python3/dist-packages/pcbnewTransition/__pycache__/pcbnew.cpython-313.pyc
IO:open64:0x1B6
IO:close:/usr/lib/python3/dist-packages/pcbnewTransition/__pycache__/pcbnew.cpython-313.pyc
IO:open:/usr/lib/python3/dist-packages/numpy/__pycache__/__init__.cpython-313.pyc
IO:open64:0x1B6
IO:close:/usr/lib/python3/dist-packages/numpy/__pycache__/__init__.cpython-313.pyc
IO:open:/usr/lib/python3/dist-packages/numpy/__pycache__/_globals.cpython-313.pyc
IO:open64:0x1B6
IO:close:/usr/lib/python3/dist-packages/numpy/__pycache__/_globals.cpython-313.pyc
IO:open:/usr/lib/python3/dist-packages/numpy/_utils/__pycache__/__init__.cpython-313.pyc
IO:open64:0x1B6
IO:close:/usr/lib/python3/dist-packages/numpy/_utils/__pycache__/__init__.cpython-313.pyc
IO:open:/usr/lib/python3/dist-packages/numpy/_utils/__pycache__/_convertions.cpython-313.pyc
IO:open64:0x1B6
IO:close:/usr/lib/python3/dist-packages/numpy/_utils/__pycache__/_convertions.cpython-313.pyc
IO:open:/usr/lib/python3/dist-packages/numpy/__pycache__/_expired_attrs_2_0.cpython-313.pyc
IO:open64:0x1B6
IO:close:/usr/lib/python3/dist-packages/numpy/__pycache__/_expired_attrs_2_0.cpython-313.pyc
IO:open:/usr/lib/python3/dist-packages/numpy/__pycache__/version.cpython-313.pyc
IO:open64:0x1B6
IO:close:/usr/lib/python3/dist-packages/numpy/__pycache__/version.cpython-313.pyc
IO:open:/usr/lib/python3/dist-packages/numpy/__pycache__/_distributor_init.cpython-313.pyc
IO:open64:0x1B6
IO:close:/usr/lib/python3/dist-packages/numpy/__pycache__/_distributor_init.cpython-313.pyc
IO:open:/usr/lib/python3/dist-packages/numpy/__pycache__/__config__.cpython-313.pyc
IO:open64:0x1B6
IO:close:/usr/lib/python3/dist-packages/numpy/__pycache__/__config__.cpython-313.pyc
IO:open:/usr/lib/python3/dist-packages/numpy/_core/__pycache__/__init__.cpython-313.pyc
IO:open64:0x1B6
IO:close:/usr/lib/python3/dist-packages/numpy/_core/__pycache__/__init__.cpython-313.pyc
IO:open:/usr/lib/python3/dist-packages/numpy/_core/__pycache__/multiarray.cpython-313.pyc
IO:open64:0x1B6
IO:close:/usr/lib/python3/dist-packages/numpy/_core/__pycache__/multiarray.cpython-313.pyc
IO:open:/usr/lib/python3/dist-packages/numpy/_core/__pycache__/overrides.cpython-313.pyc
IO:open64:0x1B6
IO:close:/usr/lib/python3/dist-packages/numpy/_core/__pycache__/overrides.cpython-313.pyc
IO:open:/usr/lib/python3/dist-packages/numpy/_utils/__pycache__/_inspect.cpython-313.pyc
IO:open64:0x1B6
IO:close:/usr/lib/python3/dist-packages/numpy/_utils/__pycache__/_inspect.cpython-313.pyc
IO:open:/usr/lib/python3/dist-packages/numpy/__pycache__/exceptions.cpython-313.pyc
IO:open64:0x1B6
IO:close:/usr/lib/python3/dist-packages/numpy/__pycache__/exceptions.cpython-313.pyc
IO:open:/usr/lib/python3/dist-packages/numpy/_core/__pycache__/_exceptions.cpython-313.pyc
IO:open64:0x1B6
IO:close:/usr/lib/python3/dist-packages/numpy/_core/__pycache__/_exceptions.cpython-313.pyc
IO:open:/usr/lib/python3/dist-packages/numpy/_core/__pycache__/printoptions.cpython-313.pyc
IO:open64:0x1B6
IO:close:/usr/lib/python3/dist-packages/numpy/_core/__pycache__/printoptions.cpython-313.pyc
IO:open:/usr/lib/python3.13/__pycache__/contextvars.cpython-313.pyc
IO:open64:0x1B6
IO:close:/usr/lib/python3.13/__pycache__/contextvars.cpython-313.pyc
IO:open:/usr/lib/python3/dist-packages/numpy/__pycache__/dtypes.cpython-313.pyc
IO:open64:0x1B6
IO:close:/usr/lib/python3/dist-packages/numpy/__pycache__/dtypes.cpython-313.pyc
IO:open:/usr/lib/python3/dist-packages/numpy/_core/__pycache__/umath.cpython-313.pyc
IO:open64:0x1B6
IO:close:/usr/lib/python3/dist-packages/numpy/_core/__pycache__/umath.cpython-313.pyc
IO:open:/usr/lib/python3/dist-packages/numpy/_core/__pycache__/numerictypes.cpython-313.pyc
IO:open64:0x1B6
IO:close:/usr/lib/python3/dist-packages/numpy/_core/__pycache__/numerictypes.cpython-313.pyc
IO:open:/usr/lib/python3.13/__pycache__/numbers.cpython-313.pyc
IO:open64:0x1B6
IO:close:/usr/lib/python3.13/__pycache__/numbers.cpython-313.pyc
IO:open:/usr/lib/python3/dist-packages/numpy/_core/__pycache__/_string_helpers.cpython-313.pyc
IO:open64:0x1B6
IO:close:/usr/lib/python3/dist-packages/numpy/_core/__pycache__/_string_helpers.cpython-313.pyc
IO:open:/usr/lib/python3/dist-packages/numpy/_core/__pycache__/_type_aliases.cpython-313.pyc
IO:open64:0x1B6
IO:close:/usr/lib/python3/dist-packages/numpy/_core/__pycache__/_type_aliases.cpython-313.pyc
IO:open:/usr/lib/python3/dist-packages/numpy/_core/__pycache__/_dtype.cpython-313.pyc
IO:open64:0x1B6
IO:close:/usr/lib/python3/dist-packages/numpy/_core/__pycache__/_dtype.cpython-313.pyc
IO:open:/usr/lib/python3/dist-packages/numpy/_core/__pycache__/numeric.cpython-313.pyc
IO:open64:0x1B6
IO:close:/usr/lib/python3/dist-packages/numpy/_core/__pycache__/numeric.cpython-313.pyc
IO:open:/usr/lib/python3/dist-packages/numpy/_core/__pycache__/shape_base.cpython-313.pyc
IO:open64:0x1B6
IO:close:/usr/lib/python3/dist-packages/numpy/_core/__pycache__/shape_base.cpython-313.pyc
IO:open:/usr/lib/python3/dist-packages/numpy/_core/__pycache__/fromnumeric.cpython-313.pyc
IO:open64:0x1B6
IO:close:/usr/lib/python3/dist-packages/numpy/_core/__pycache__/fromnumeric.cpython-313.pyc
IO:open:/usr/lib/python3/dist-packages/numpy/_core/__pycache__/_methods.cpython-313.pyc
IO:open64:0x1B6
IO:close:/usr/lib/python3/dist-packages/numpy/_core/__pycache__/_methods.cpython-313.pyc
IO:open:/usr/lib/python3.13/__pycache__/pickle.cpython-313.pyc
IO:open64:0x1B6
IO:close:/usr/lib/python3.13/__pycache__/pickle.cpython-313.pyc
IO:open:/usr/lib/python3.13/__pycache__/_compat_pickle.cpython-313.pyc
IO:open64:0x1B6
IO:close:/usr/lib/python3.13/__pycache__/_compat_pickle.cpython-313.pyc
IO:open:/usr/lib/python3/dist-packages/numpy/_core/__pycache__/_ufunc_config.cpython-313.pyc
IO:open64:0x1B6
IO:close:/usr/lib/python3/dist-packages/numpy/_core/__pycache__/_ufunc_config.cpython-313.pyc
IO:open:/usr/lib/python3/dist-packages/numpy/_core/__pycache__/arrayprint.cpython-313.pyc
IO:open64:0x1B6
IO:close:/usr/lib/python3/dist-packages/numpy/_core/__pycache__/arrayprint.cpython-313.pyc
IO:open:/usr/lib/python3/dist-packages/numpy/_core/__pycache__/_asarray.cpython-313.pyc
IO:open64:0x1B6
IO:close:/usr/lib/python3/dist-packages/numpy/_core/__pycache__/_asarray.cpython-313.pyc
IO:open:/usr/lib/python3/dist-packages/numpy/_core/__pycache__/records.cpython-313.pyc
IO:open64:0x1B6
IO:close:/usr/lib/python3/dist-packages/numpy/_core/__pycache__/records.cpython-313.pyc
IO:open:/usr/lib/python3/dist-packages/numpy/_core/__pycache__/memmap.cpython-313.pyc
IO:open64:0x1B6
IO:close:/usr/lib/python3/dist-packages/numpy/_core/__pycache__/memmap.cpython-313.pyc
IO:open:/usr/lib/python3/dist-packages/numpy/_core/__pycache__/function_base.cpython-313.pyc
IO:open64:0x1B6
IO:close:/usr/lib/python3/dist-packages/numpy/_core/__pycache__/function_base.cpython-313.pyc
IO:open:/usr/lib/python3/dist-packages/numpy/_core/__pycache__/_machar.cpython-313.pyc
IO:open64:0x1B6
IO:close:/usr/lib/python3/dist-packages/numpy/_core/__pycache__/_machar.cpython-313.pyc
IO:open:/usr/lib/python3/dist-packages/numpy/_core/__pycache__/getlimits.cpython-313.pyc
IO:open64:0x1B6
IO:close:/usr/lib/python3/dist-packages/numpy/_core/__pycache__/getlimits.cpython-313.pyc
IO:open:/usr/lib/python3/dist-packages/numpy/_core/__pycache__/einsumfunc.cpython-313.pyc
IO:open64:0x1B6
IO:close:/usr/lib/python3/dist-packages/numpy/_core/__pycache__/einsumfunc.cpython-313.pyc
IO:open:/usr/lib/python3/dist-packages/numpy/_core/__pycache__/_add_newdocs.cpython-313.pyc
IO:open64:0x1B6
IO:close:/usr/lib/python3/dist-packages/numpy/_core/__pycache__/_add_newdocs.cpython-313.pyc
IO:open:/usr/lib/python3/dist-packages/numpy/_core/__pycache__/_add_newdocs_scalars.cpython-313.pyc
IO:open64:0x1B6
IO:close:/usr/lib/python3/dist-packages/numpy/_core/__pycache__/_add_newdocs_scalars.cpython-313.pyc
IO:open:/usr/lib/python3/dist-packages/numpy/_core/__pycache__/_dtype_ctypes.cpython-313.pyc
IO:open64:0x1B6
IO:close:/usr/lib/python3/dist-packages/numpy/_core/__pycache__/_dtype_ctypes.cpython-313.pyc
IO:open:/usr/lib/python3/dist-packages/numpy/_core/__pycache__/_internal.cpython-313.pyc
IO:open64:0x1B6
IO:close:/usr/lib/python3/dist-packages/numpy/_core/__pycache__/_internal.cpython-313.pyc
IO:open:/usr/lib/python3/dist-packages/numpy/__pycache__/_pytesttester.cpython-313.pyc
IO:open64:0x1B6
IO:close:/usr/lib/python3/dist-packages/numpy/__pycache__/_pytesttester.cpython-313.pyc
IO:open:/usr/lib/python3/dist-packages/numpy/lib/__pycache__/__init__.cpython-313.pyc
IO:open64:0x1B6
IO:close:/usr/lib/python3/dist-packages/numpy/lib/__pycache__/__init__.cpython-313.pyc
IO:open:/usr/lib/python3/dist-packages/numpy/lib/__pycache__/array_utils.cpython-313.pyc
IO:open64:0x1B6
IO:close:/usr/lib/python3/dist-packages/numpy/lib/__pycache__/array_utils.cpython-313.pyc
IO:open:/usr/lib/python3/dist-packages/numpy/lib/__pycache__/_array_utils_impl.cpython-313.pyc
IO:open64:0x1B6
IO:close:/usr/lib/python3/dist-packages/numpy/lib/__pycache__/_array_utils_impl.cpython-313.pyc
IO:open:/usr/lib/python3/dist-packages/numpy/lib/__pycache__/introspect.cpython-313.pyc
IO:open64:0x1B6
IO:close:/usr/lib/python3/dist-packages/numpy/lib/__pycache__/introspect.cpython-313.pyc
IO:open:/usr/lib/python3/dist-packages/numpy/lib/__pycache__/mixins.cpython-313.pyc
IO:open64:0x1B6
IO:close:/usr/lib/python3/dist-packages/numpy/lib/__pycache__/mixins.cpython-313.pyc
IO:open:/usr/lib/python3/dist-packages/numpy/lib/__pycache__/npyio.cpython-313.pyc
IO:open64:0x1B6
IO:close:/usr/lib/python3/dist-packages/numpy/lib/__pycache__/npyio.cpython-313.pyc
IO:open:/usr/lib/python3/dist-packages/numpy/lib/__pycache__/_npyio_impl.cpython-313.pyc
IO:open64:0x1B6
IO:close:/usr/lib/python3/dist-packages/numpy/lib/__pycache__/_npyio_impl.cpython-313.pyc
IO:open:/usr/lib/python3/dist-packages/numpy/lib/__pycache__/format.cpython-313.pyc
IO:open64:0x1B6
IO:close:/usr/lib/python3/dist-packages/numpy/lib/__pycache__/format.cpython-313.pyc
IO:open:/usr/lib/python3/dist-packages/numpy/lib/__pycache__/_utils_impl.cpython-313.pyc
IO:open64:0x1B6
IO:close:/usr/lib/python3/dist-packages/numpy/lib/__pycache__/_utils_impl.cpython-313.pyc
IO:open:/usr/lib/python3.13/__pycache__/platform.cpython-313.pyc
IO:open64:0x1B6
IO:close:/usr/lib/python3.13/__pycache__/platform.cpython-313.pyc
IO:open:/usr/lib/python3/dist-packages/numpy/lib/__pycache__/_datasource.cpython-313.pyc
IO:open64:0x1B6
IO:close:/usr/lib/python3/dist-packages/numpy/lib/__pycache__/_datasource.cpython-313.pyc
IO:open:/usr/lib/python3/dist-packages/numpy/lib/__pycache__/_iotools.cpython-313.pyc
IO:open64:0x1B6
IO:close:/usr/lib/python3/dist-packages/numpy/lib/__pycache__/_iotools.cpython-313.pyc
IO:open:/usr/lib/python3/dist-packages/numpy/lib/__pycache__/scimath.cpython-313.pyc
IO:open64:0x1B6
IO:close:/usr/lib/python3/dist-packages/numpy/lib/__pycache__/scimath.cpython-313.pyc
IO:open:/usr/lib/python3/dist-packages/numpy/lib/__pycache__/_scimath_impl.cpython-313.pyc
IO:open64:0x1B6
IO:close:/usr/lib/python3/dist-packages/numpy/lib/__pycache__/_scimath_impl.cpython-313.pyc
IO:open:/usr/lib/python3/dist-packages/numpy/lib/__pycache__/_type_check_impl.cpython-313.pyc
IO:open64:0x1B6
IO:close:/usr/lib/python3/dist-packages/numpy/lib/__pycache__/_type_check_impl.cpython-313.pyc
IO:open:/usr/lib/python3/dist-packages/numpy/lib/__pycache__/_ufunclike_impl.cpython-313.pyc
IO:open64:0x1B6
IO:close:/usr/lib/python3/dist-packages/numpy/lib/__pycache__/_ufunclike_impl.cpython-313.pyc
IO:open:/usr/lib/python3/dist-packages/numpy/lib/__pycache__/stride_tricks.cpython-313.pyc
IO:open64:0x1B6
IO:close:/usr/lib/python3/dist-packages/numpy/lib/__pycache__/stride_tricks.cpython-313.pyc
IO:open:/usr/lib/python3/dist-packages/numpy/lib/__pycache__/_stride_tricks_impl.cpython-313.pyc
IO:open64:0x1B6
IO:close:/usr/lib/python3/dist-packages/numpy/lib/__pycache__/_stride_tricks_impl.cpython-313.pyc
IO:open:/usr/lib/python3/dist-packages/numpy/lib/__pycache__/_index_tricks_impl.cpython-313.pyc
IO:open64:0x1B6
IO:close:/usr/lib/python3/dist-packages/numpy/lib/__pycache__/_index_tricks_impl.cpython-313.pyc
IO:open:/usr/lib/python3/dist-packages/numpy/matrixlib/__pycache__/__init__.cpython-313.pyc
IO:open64:0x1B6
IO:close:/usr/lib/python3/dist-packages/numpy/matrixlib/__pycache__/__init__.cpython-313.pyc
IO:open:/usr/lib/python3/dist-packages/numpy/matrixlib/__pycache__/defmatrix.cpython-313.pyc
IO:open64:0x1B6
IO:close:/usr/lib/python3/dist-packages/numpy/matrixlib/__pycache__/defmatrix.cpython-313.pyc
IO:open:/usr/lib/python3/dist-packages/numpy/linalg/__pycache__/__init__.cpython-313.pyc
IO:open64:0x1B6
IO:close:/usr/lib/python3/dist-packages/numpy/linalg/__pycache__/__init__.cpython-313.pyc
IO:open:/usr/lib/python3/dist-packages/numpy/linalg/__pycache__/linalg.cpython-313.pyc
IO:open64:0x1B6
IO:close:/usr/lib/python3/dist-packages/numpy/linalg/__pycache__/linalg.cpython-313.pyc
IO:open:/usr/lib/python3/dist-packages/numpy/linalg/__pycache__/_linalg.cpython-313.pyc
IO:open64:0x1B6
IO:close:/usr/lib/python3/dist-packages/numpy/linalg/__pycache__/_linalg.cpython-313.pyc
IO:open:/usr/lib/python3/dist-packages/numpy/lib/__pycache__/_twodim_base_impl.cpython-313.pyc
IO:open64:0x1B6
IO:close:/usr/lib/python3/dist-packages/numpy/lib/__pycache__/_twodim_base_impl.cpython-313.pyc
IO:open:/usr/lib/python3/dist-packages/numpy/_typing/__pycache__/__init__.cpython-313.pyc
IO:open64:0x1B6
IO:close:/usr/lib/python3/dist-packages/numpy/_typing/__pycache__/__init__.cpython-313.pyc
IO:open:/usr/lib/python3/dist-packages/numpy/_typing/__pycache__/_nested_sequence.cpython-313.pyc
IO:open64:0x1B6
IO:close:/usr/lib/python3/dist-packages/numpy/_typing/__pycache__/_nested_sequence.cpython-313.pyc
IO:open:/usr/lib/python3/dist-packages/numpy/_typing/__pycache__/_nbit_base.cpython-313.pyc
IO:open64:0x1B6
IO:close:/usr/lib/python3/dist-packages/numpy/_typing/__pycache__/_nbit_base.cpython-313.pyc
IO:open:/usr/lib/python3/dist-packages/numpy/_typing/__pycache__/_nbit.cpython-313.pyc
IO:open64:0x1B6
IO:close:/usr/lib/python3/dist-packages/numpy/_typing/__pycache__/_nbit.cpython-313.pyc
IO:open:/usr/lib/python3/dist-packages/numpy/_typing/__pycache__/_char_codes.cpython-313.pyc
IO:open64:0x1B6
IO:close:/usr/lib/python3/dist-packages/numpy/_typing/__pycache__/_char_codes.cpython-313.pyc
IO:open:/usr/lib/python3/dist-packages/numpy/_typing/__pycache__/_scalars.cpython-313.pyc
IO:open64:0x1B6
IO:close:/usr/lib/python3/dist-packages/numpy/_typing/__pycache__/_scalars.cpython-313.pyc
IO:open:/usr/lib/python3/dist-packages/numpy/_typing/__pycache__/_shape.cpython-313.pyc
IO:open64:0x1B6
IO:close:/usr/lib/python3/dist-packages/numpy/_typing/__pycache__/_shape.cpython-313.pyc
IO:open:/usr/lib/python3/dist-packages/numpy/_typing/__pycache__/_dtype_like.cpython-313.pyc
IO:open64:0x1B6
IO:close:/usr/lib/python3/dist-packages/numpy/_typing/__pycache__/_dtype_like.cpython-313.pyc
IO:open:/usr/lib/python3/dist-packages/numpy/_typing/__pycache__/_array_like.cpython-313.pyc
IO:open64:0x1B6
IO:close:/usr/lib/python3/dist-packages/numpy/_typing/__pycache__/_array_like.cpython-313.pyc
IO:open:/usr/lib/python3/dist-packages/numpy/_typing/__pycache__/_ufunc.cpython-313.pyc
IO:open64:0x1B6
IO:close:/usr/lib/python3/dist-packages/numpy/_typing/__pycache__/_ufunc.cpython-313.pyc
IO:open:/usr/lib/python3/dist-packages/numpy/lib/__pycache__/_function_base_impl.cpython-313.pyc
IO:open64:0x1B6
IO:close:/usr/lib/python3/dist-packages/numpy/lib/__pycache__/_function_base_impl.cpython-313.pyc
IO:open:/usr/lib/python3/dist-packages/numpy/lib/__pycache__/_histograms_impl.cpython-313.pyc
IO:open64:0x1B6
IO:close:/usr/lib/python3/dist-packages/numpy/lib/__pycache__/_histograms_impl.cpython-313.pyc
IO:open:/usr/lib/python3/dist-packages/numpy/lib/__pycache__/_nanfunctions_impl.cpython-313.pyc
IO:open64:0x1B6
IO:close:/usr/lib/python3/dist-packages/numpy/lib/__pycache__/_nanfunctions_impl.cpython-313.pyc
IO:open:/usr/lib/python3/dist-packages/numpy/lib/__pycache__/_shape_base_impl.cpython-313.pyc
IO:open64:0x1B6
IO:close:/usr/lib/python3/dist-packages/numpy/lib/__pycache__/_shape_base_impl.cpython-313.pyc
IO:open:/usr/lib/python3/dist-packages/numpy/lib/__pycache__/_arraysetops_impl.cpython-313.pyc
IO:open64:0x1B6
IO:close:/usr/lib/python3/dist-packages/numpy/lib/__pycache__/_arraysetops_impl.cpython-313.pyc
IO:open:/usr/lib/python3/dist-packages/numpy/lib/__pycache__/_polynomial_impl.cpython-313.pyc
IO:open64:0x1B6
IO:close:/usr/lib/python3/dist-packages/numpy/lib/__pycache__/_polynomial_impl.cpython-313.pyc
IO:open:/usr/lib/python3/dist-packages/numpy/lib/__pycache__/_arrayterator_impl.cpython-313.pyc
IO:open64:0x1B6
IO:close:/usr/lib/python3/dist-packages/numpy/lib/__pycache__/_arrayterator_impl.cpython-313.pyc
IO:open:/usr/lib/python3/dist-packages/numpy/lib/__pycache__/_arraypad_impl.cpython-313.pyc
IO:open64:0x1B6
IO:close:/usr/lib/python3/dist-packages/numpy/lib/__pycache__/_arraypad_impl.cpython-313.pyc
IO:open:/usr/lib/python3/dist-packages/numpy/lib/__pycache__/_version.cpython-313.pyc
IO:open64:0x1B6
IO:close:/usr/lib/python3/dist-packages/numpy/lib/__pycache__/_version.cpython-313.pyc
IO:open:/usr/lib/python3/dist-packages/numpy/__pycache__/_array_api_info.cpython-313.pyc
IO:open64:0x1B6
IO:close:/usr/lib/python3/dist-packages/numpy/__pycache__/_array_api_info.cpython-313.pyc
IO:open:/usr/lib/python3/dist-packages/shapely/__pycache__/__init__.cpython-313.pyc
IO:open64:0x1B6
IO:close:/usr/lib/python3/dist-packages/shapely/__pycache__/__init__.cpython-313.pyc
IO:open:/usr/lib/python3/dist-packages/shapely/__pycache__/errors.cpython-313.pyc
IO:open64:0x1B6
IO:close:/usr/lib/python3/dist-packages/shapely/__pycache__/errors.cpython-313.pyc
IO:open:/usr/lib/python3/dist-packages/shapely/__pycache__/_geometry.cpython-313.pyc
IO:open64:0x1B6
IO:close:/usr/lib/python3/dist-packages/shapely/__pycache__/_geometry.cpython-313.pyc
IO:open:/usr/lib/python3/dist-packages/shapely/__pycache__/_enum.cpython-313.pyc
IO:open64:0x1B6
IO:close:/usr/lib/python3/dist-packages/shapely/__pycache__/_enum.cpython-313.pyc
IO:open:/usr/lib/python3/dist-packages/shapely/__pycache__/decorators.cpython-313.pyc
IO:open64:0x1B6
IO:close:/usr/lib/python3/dist-packages/shapely/__pycache__/decorators.cpython-313.pyc
IO:open:/usr/lib/python3/dist-packages/shapely/__pycache__/creation.cpython-313.pyc
IO:open64:0x1B6
IO:close:/usr/lib/python3/dist-packages/shapely/__pycache__/creation.cpython-313.pyc
IO:open:/usr/lib/python3/dist-packages/shapely/__pycache__/io.cpython-313.pyc
IO:open64:0x1B6
IO:close:/usr/lib/python3/dist-packages/shapely/__pycache__/io.cpython-313.pyc
IO:open:/usr/lib/python3/dist-packages/shapely/__pycache__/_ragged_array.cpython-313.pyc
IO:open64:0x1B6
IO:close:/usr/lib/python3/dist-packages/shapely/__pycache__/_ragged_array.cpython-313.pyc
IO:open:/usr/lib/python3/dist-packages/shapely/__pycache__/coordinates.cpython-313.pyc
IO:open64:0x1B6
IO:close:/usr/lib/python3/dist-packages/shapely/__pycache__/coordinates.cpython-313.pyc
IO:open:/usr/lib/python3/dist-packages/shapely/__pycache__/predicates.cpython-313.pyc
IO:open64:0x1B6
IO:close:/usr/lib/python3/dist-packages/shapely/__pycache__/predicates.cpython-313.pyc
IO:open:/usr/lib/python3/dist-packages/shapely/__pycache__/constructive.cpython-313.pyc
IO:open64:0x1B6
IO:close:/usr/lib/python3/dist-packages/shapely/__pycache__/constructive.cpython-313.pyc
IO:open:/usr/lib/python3/dist-packages/shapely/algorithms/__pycache__/__init__.cpython-313.pyc
IO:open64:0x1B6
IO:close:/usr/lib/python3/dist-packages/shapely/algorithms/__pycache__/__init__.cpython-313.pyc
IO:open:/usr/lib/python3/dist-packages/shapely/algorithms/__pycache__/_oriented_envelope.cpython-313.pyc
IO:open64:0x1B6
IO:close:/usr/lib/python3/dist-packages/shapely/algorithms/__pycache__/_oriented_envelope.cpython-313.pyc
IO:open:/usr/lib/python3/dist-packages/shapely/__pycache__/affinity.cpython-313.pyc
IO:open64:0x1B6
IO:close:/usr/lib/python3/dist-packages/shapely/__pycache__/affinity.cpython-313.pyc
IO:open:/usr/lib/python3/dist-packages/shapely/algorithms/__pycache__/cga.cpython-313.pyc
IO:open64:0x1B6
IO:close:/usr/lib/python3/dist-packages/shapely/algorithms/__pycache__/cga.cpython-313.pyc
IO:open:/usr/lib/python3/dist-packages/shapely/__pycache__/measurement.cpython-313.pyc
IO:open64:0x1B6
IO:close:/usr/lib/python3/dist-packages/shapely/__pycache__/measurement.cpython-313.pyc
IO:open:/usr/lib/python3/dist-packages/shapely/__pycache__/set_operations.cpython-313.pyc
IO:open64:0x1B6
IO:close:/usr/lib/python3/dist-packages/shapely/__pycache__/set_operations.cpython-313.pyc
IO:open:/usr/lib/python3/dist-packages/shapely/__pycache__/linear.cpython-313.pyc
IO:open64:0x1B6
IO:close:/usr/lib/python3/dist-packages/shapely/__pycache__/linear.cpython-313.pyc
IO:open:/usr/lib/python3/dist-packages/shapely/__pycache__/strtree.cpython-313.pyc
IO:open64:0x1B6
IO:close:/usr/lib/python3/dist-packages/shapely/__pycache__/strtree.cpython-313.pyc
IO:open:/usr/lib/python3/dist-packages/shapely/geometry/__pycache__/__init__.cpython-313.pyc
IO:open64:0x1B6
IO:close:/usr/lib/python3/dist-packages/shapely/geometry/__pycache__/__init__.cpython-313.pyc
IO:open:/usr/lib/python3/dist-packages/shapely/geometry/__pycache__/base.cpython-313.pyc
IO:open64:0x1B6
IO:close:/usr/lib/python3/dist-packages/shapely/geometry/__pycache__/base.cpython-313.pyc
IO:open:/usr/lib/python3/dist-packages/shapely/__pycache__/coords.cpython-313.pyc
IO:open64:0x1B6
IO:close:/usr/lib/python3/dist-packages/shapely/__pycache__/coords.cpython-313.pyc
IO:open:/usr/lib/python3/dist-packages/shapely/geometry/__pycache__/collection.cpython-313.pyc
IO:open64:0x1B6
IO:close:/usr/lib/python3/dist-packages/shapely/geometry/__pycache__/collection.cpython-313.pyc
IO:open:/usr/lib/python3/dist-packages/shapely/geometry/__pycache__/geo.cpython-313.pyc
IO:open64:0x1B6
IO:close:/usr/lib/python3/dist-packages/shapely/geometry/__pycache__/geo.cpython-313.pyc
IO:open:/usr/lib/python3/dist-packages/shapely/geometry/__pycache__/linestring.cpython-313.pyc
IO:open64:0x1B6
IO:close:/usr/lib/python3/dist-packages/shapely/geometry/__pycache__/linestring.cpython-313.pyc
IO:open:/usr/lib/python3/dist-packages/shapely/geometry/__pycache__/point.cpython-313.pyc
IO:open64:0x1B6
IO:close:/usr/lib/python3/dist-packages/shapely/geometry/__pycache__/point.cpython-313.pyc
IO:open:/usr/lib/python3/dist-packages/shapely/geometry/__pycache__/multilinestring.cpython-313.pyc
IO:open64:0x1B6
IO:close:/usr/lib/python3/dist-packages/shapely/geometry/__pycache__/multilinestring.cpython-313.pyc
IO:open:/usr/lib/python3/dist-packages/shapely/geometry/__pycache__/multipoint.cpython-313.pyc
IO:open64:0x1B6
IO:close:/usr/lib/python3/dist-packages/shapely/geometry/__pycache__/multipoint.cpython-313.pyc
IO:open:/usr/lib/python3/dist-packages/shapely/geometry/__pycache__/multipolygon.cpython-313.pyc
IO:open64:0x1B6
IO:close:/usr/lib/python3/dist-packages/shapely/geometry/__pycache__/multipolygon.cpython-313.pyc
IO:open:/usr/lib/python3/dist-packages/shapely/geometry/__pycache__/polygon.cpython-313.pyc
IO:open64:0x1B6
IO:close:/usr/lib/python3/dist-packages/shapely/geometry/__pycache__/polygon.cpython-313.pyc
IO:open:/usr/lib/python3/dist-packages/shapely/__pycache__/_coverage.cpython-313.pyc
IO:open64:0x1B6
IO:close:/usr/lib/python3/dist-packages/shapely/__pycache__/_coverage.cpython-313.pyc
IO:open:/usr/lib/python3/dist-packages/shapely/__pycache__/_version.cpython-313.pyc
IO:open64:0x1B6
IO:close:/usr/lib/python3/dist-packages/shapely/__pycache__/_version.cpython-313.pyc
IO:open:/usr/lib/python3/dist-packages/kikit/actionPlugins/__pycache__/common.cpython-313.pyc
IO:open64:0x1B6
IO:close:/usr/lib/python3/dist-packages/kikit/actionPlugins/__pycache__/common.cpython-313.pyc
IO:open:/usr/lib/python3/dist-packages/kikit/resources/graphics/removeRefIcon_24x24.png
IO:fopen64:rb
IO:close:/usr/lib/python3/dist-packages/kikit/resources/graphics/removeRefIcon_24x24.png
IO:open:/usr/lib/python3/dist-packages/kikit/actionPlugins/__pycache__/panelize.cpython-313.pyc
IO:open64:0x1B6
IO:close:/usr/lib/python3/dist-packages/kikit/actionPlugins/__pycache__/panelize.cpython-313.pyc
IO:open:/usr/lib/python3/dist-packages/kikit/__pycache__/panelize_ui_impl.cpython-313.pyc
IO:open64:0x1B6
IO:close:/usr/lib/python3/dist-packages/kikit/__pycache__/panelize_ui_impl.cpython-313.pyc
IO:open:/usr/lib/python3/dist-packages/kikit/__pycache__/panelize.cpython-313.pyc
IO:open64:0x1B6
IO:close:/usr/lib/python3/dist-packages/kikit/__pycache__/panelize.cpython-313.pyc
IO:open:/usr/lib/python3/dist-packages/kikit/__pycache__/sexpr.cpython-313.pyc
IO:open64:0x1B6
IO:close:/usr/lib/python3/dist-packages/kikit/__pycache__/sexpr.cpython-313.pyc
IO:open:/usr/lib/python3/dist-packages/shapely/__pycache__/prepared.cpython-313.pyc
IO:open64:0x1B6
IO:close:/usr/lib/python3/dist-packages/shapely/__pycache__/prepared.cpython-313.pyc
IO:open:/usr/lib/python3/dist-packages/kikit/__pycache__/substrate.cpython-313.pyc
IO:open64:0x1B6
IO:close:/usr/lib/python3/dist-packages/kikit/__pycache__/substrate.cpython-313.pyc
IO:open:/usr/lib/python3/dist-packages/shapely/__pycache__/ops.cpython-313.pyc
IO:open64:0x1B6
IO:close:/usr/lib/python3/dist-packages/shapely/__pycache__/ops.cpython-313.pyc
IO:open:/usr/lib/python3/dist-packages/shapely/algorithms/__pycache__/polylabel.cpython-313.pyc
IO:open64:0x1B6
IO:close:/usr/lib/python3/dist-packages/shapely/algorithms/__pycache__/polylabel.cpython-313.pyc
IO:open:/usr/lib/python3/dist-packages/kikit/__pycache__/kicadUtil.cpython-313.pyc
IO:open64:0x1B6
IO:close:/usr/lib/python3/dist-packages/kikit/__pycache__/kicadUtil.cpython-313.pyc
IO:open:/usr/lib/python3/dist-packages/kikit/__pycache__/annotations.cpython-313.pyc
IO:open64:0x1B6
IO:close:/usr/lib/python3/dist-packages/kikit/__pycache__/annotations.cpython-313.pyc
IO:open:/usr/lib/python3/dist-packages/kikit/__pycache__/drc.cpython-313.pyc
IO:open64:0x1B6
IO:close:/usr/lib/python3/dist-packages/kikit/__pycache__/drc.cpython-313.pyc
IO:open:/usr/lib/python3/dist-packages/kikit/__pycache__/drc_ui.cpython-313.pyc
IO:open64:0x1B6
IO:close:/usr/lib/python3/dist-packages/kikit/__pycache__/drc_ui.cpython-313.pyc
IO:open:/usr/lib/python3/dist-packages/click/__pycache__/__init__.cpython-313.pyc
IO:open64:0x1B6
IO:close:/usr/lib/python3/dist-packages/click/__pycache__/__init__.cpython-313.pyc
IO:open:/usr/lib/python3/dist-packages/click/__pycache__/core.cpython-313.pyc
IO:open64:0x1B6
IO:close:/usr/lib/python3/dist-packages/click/__pycache__/core.cpython-313.pyc
IO:open:/usr/lib/python3/dist-packages/click/__pycache__/types.cpython-313.pyc
IO:open64:0x1B6
IO:close:/usr/lib/python3/dist-packages/click/__pycache__/types.cpython-313.pyc
IO:open:/usr/lib/python3/dist-packages/click/__pycache__/_compat.cpython-313.pyc
IO:open64:0x1B6
IO:close:/usr/lib/python3/dist-packages/click/__pycache__/_compat.cpython-313.pyc
IO:open:/usr/lib/python3/dist-packages/click/__pycache__/exceptions.cpython-313.pyc
IO:open64:0x1B6
IO:close:/usr/lib/python3/dist-packages/click/__pycache__/exceptions.cpython-313.pyc
IO:open:/usr/lib/python3/dist-packages/click/__pycache__/globals.cpython-313.pyc
IO:open64:0x1B6
IO:close:/usr/lib/python3/dist-packages/click/__pycache__/globals.cpython-313.pyc
IO:open:/usr/lib/python3/dist-packages/click/__pycache__/utils.cpython-313.pyc
IO:open64:0x1B6
IO:close:/usr/lib/python3/dist-packages/click/__pycache__/utils.cpython-313.pyc
IO:open:/usr/lib/python3/dist-packages/click/__pycache__/formatting.cpython-313.pyc
IO:open64:0x1B6
IO:close:/usr/lib/python3/dist-packages/click/__pycache__/formatting.cpython-313.pyc
IO:open:/usr/lib/python3/dist-packages/click/__pycache__/parser.cpython-313.pyc
IO:open64:0x1B6
IO:close:/usr/lib/python3/dist-packages/click/__pycache__/parser.cpython-313.pyc
IO:open:/usr/lib/python3/dist-packages/click/__pycache__/termui.cpython-313.pyc
IO:open64:0x1B6
IO:close:/usr/lib/python3/dist-packages/click/__pycache__/termui.cpython-313.pyc
IO:open:/usr/lib/python3/dist-packages/click/__pycache__/decorators.cpython-313.pyc
IO:open64:0x1B6
IO:close:/usr/lib/python3/dist-packages/click/__pycache__/decorators.cpython-313.pyc
IO:open:/usr/lib/python3/dist-packages/kikit/__pycache__/pcbnew_utils.cpython-313.pyc
IO:open64:0x1B6
IO:close:/usr/lib/python3/dist-packages/kikit/__pycache__/pcbnew_utils.cpython-313.pyc
IO:open:/usr/lib/python3/dist-packages/kikit/panel_features/__pycache__/__init__.cpython-313.pyc
IO:open64:0x1B6
IO:close:/usr/lib/python3/dist-packages/kikit/panel_features/__pycache__/__init__.cpython-313.pyc
IO:open:/usr/lib/python3/dist-packages/kikit/panel_features/__pycache__/baseFeature.cpython-313.pyc
IO:open64:0x1B6
IO:close:/usr/lib/python3/dist-packages/kikit/panel_features/__pycache__/baseFeature.cpython-313.pyc
IO:open:/usr/lib/python3/dist-packages/kikit/panel_features/__pycache__/copperFill.cpython-313.pyc
IO:open64:0x1B6
IO:close:/usr/lib/python3/dist-packages/kikit/panel_features/__pycache__/copperFill.cpython-313.pyc
IO:open:/usr/lib/python3/dist-packages/kikit/__pycache__/panelize_ui.cpython-313.pyc
IO:open64:0x1B6
IO:close:/usr/lib/python3/dist-packages/kikit/__pycache__/panelize_ui.cpython-313.pyc
IO:open:/usr/lib/python3.13/__pycache__/csv.cpython-313.pyc
IO:open64:0x1B6
IO:close:/usr/lib/python3.13/__pycache__/csv.cpython-313.pyc
IO:open:/usr/lib/python3/dist-packages/kikit/__pycache__/panelize_ui_sections.cpython-313.pyc
IO:open64:0x1B6
IO:close:/usr/lib/python3/dist-packages/kikit/__pycache__/panelize_ui_sections.cpython-313.pyc
IO:open:/usr/lib/python3/dist-packages/kikit/__pycache__/plugin.cpython-313.pyc
IO:open64:0x1B6
IO:close:/usr/lib/python3/dist-packages/kikit/__pycache__/plugin.cpython-313.pyc
IO:open:/usr/lib/python3/dist-packages/click/__pycache__/shell_completion.cpython-313.pyc
IO:open64:0x1B6
IO:close:/usr/lib/python3/dist-packages/click/__pycache__/shell_completion.cpython-313.pyc
IO:open:/usr/lib/python3/dist-packages/kikit/__pycache__/text.cpython-313.pyc
IO:open64:0x1B6
IO:close:/usr/lib/python3/dist-packages/kikit/__pycache__/text.cpython-313.pyc
IO:open:/usr/lib/python3/dist-packages/commentjson/__pycache__/__init__.cpython-313.pyc
IO:open64:0x1B6
IO:close:/usr/lib/python3/dist-packages/commentjson/__pycache__/__init__.cpython-313.pyc
IO:open:/usr/lib/python3/dist-packages/commentjson/__pycache__/commentjson.cpython-313.pyc
IO:open64:0x1B6
IO:close:/usr/lib/python3/dist-packages/commentjson/__pycache__/commentjson.cpython-313.pyc
IO:open:/usr/lib/python3/dist-packages/lark/__pycache__/__init__.cpython-313.pyc
IO:open64:0x1B6
IO:close:/usr/lib/python3/dist-packages/lark/__pycache__/__init__.cpython-313.pyc
IO:open:/usr/lib/python3/dist-packages/lark/__pycache__/exceptions.cpython-313.pyc
IO:open64:0x1B6
IO:close:/usr/lib/python3/dist-packages/lark/__pycache__/exceptions.cpython-313.pyc
IO:open:/usr/lib/python3/dist-packages/lark/__pycache__/utils.cpython-313.pyc
IO:open64:0x1B6
IO:close:/usr/lib/python3/dist-packages/lark/__pycache__/utils.cpython-313.pyc
IO:open:/usr/lib/python3/dist-packages/lark/__pycache__/lark.cpython-313.pyc
IO:open64:0x1B6
IO:close:/usr/lib/python3/dist-packages/lark/__pycache__/lark.cpython-313.pyc
IO:open:/usr/lib/python3.13/__pycache__/getpass.cpython-313.pyc
IO:open64:0x1B6
IO:close:/usr/lib/python3.13/__pycache__/getpass.cpython-313.pyc
IO:open:/usr/lib/python3/dist-packages/lark/__pycache__/load_grammar.cpython-313.pyc
IO:open64:0x1B6
IO:close:/usr/lib/python3/dist-packages/lark/__pycache__/load_grammar.cpython-313.pyc
IO:open:/usr/lib/python3.13/__pycache__/hashlib.cpython-313.pyc
IO:open64:0x1B6
IO:close:/usr/lib/python3.13/__pycache__/hashlib.cpython-313.pyc
IO:open:/usr/lib/python3.13/__pycache__/pkgutil.cpython-313.pyc
IO:open64:0x1B6
IO:close:/usr/lib/python3.13/__pycache__/pkgutil.cpython-313.pyc
IO:open:/usr/lib/python3/dist-packages/lark/__pycache__/lexer.cpython-313.pyc
IO:open64:0x1B6
IO:close:/usr/lib/python3/dist-packages/lark/__pycache__/lexer.cpython-313.pyc
IO:open:/usr/lib/python3/dist-packages/lark/__pycache__/grammar.cpython-313.pyc
IO:open64:0x1B6
IO:close:/usr/lib/python3/dist-packages/lark/__pycache__/grammar.cpython-313.pyc
IO:open:/usr/lib/python3/dist-packages/lark/__pycache__/parse_tree_builder.cpython-313.pyc
IO:open64:0x1B6
IO:close:/usr/lib/python3/dist-packages/lark/__pycache__/parse_tree_builder.cpython-313.pyc
IO:open:/usr/lib/python3/dist-packages/lark/__pycache__/tree.cpython-313.pyc
IO:open64:0x1B6
IO:close:/usr/lib/python3/dist-packages/lark/__pycache__/tree.cpython-313.pyc
IO:open:/usr/lib/python3/dist-packages/lark/__pycache__/visitors.cpython-313.pyc
IO:open64:0x1B6
IO:close:/usr/lib/python3/dist-packages/lark/__pycache__/visitors.cpython-313.pyc
IO:open:/usr/lib/python3/dist-packages/lark/__pycache__/parser_frontends.cpython-313.pyc
IO:open64:0x1B6
IO:close:/usr/lib/python3/dist-packages/lark/__pycache__/parser_frontends.cpython-313.pyc
IO:open:/usr/lib/python3/dist-packages/lark/parsers/__pycache__/__init__.cpython-313.pyc
IO:open64:0x1B6
IO:close:/usr/lib/python3/dist-packages/lark/parsers/__pycache__/__init__.cpython-313.pyc
IO:open:/usr/lib/python3/dist-packages/lark/parsers/__pycache__/earley.cpython-313.pyc
IO:open64:0x1B6
IO:close:/usr/lib/python3/dist-packages/lark/parsers/__pycache__/earley.cpython-313.pyc
IO:open:/usr/lib/python3/dist-packages/lark/parsers/__pycache__/grammar_analysis.cpython-313.pyc
IO:open64:0x1B6
IO:close:/usr/lib/python3/dist-packages/lark/parsers/__pycache__/grammar_analysis.cpython-313.pyc
IO:open:/usr/lib/python3/dist-packages/lark/__pycache__/common.cpython-313.pyc
IO:open64:0x1B6
IO:close:/usr/lib/python3/dist-packages/lark/__pycache__/common.cpython-313.pyc
IO:open:/usr/lib/python3/dist-packages/lark/parsers/__pycache__/earley_common.cpython-313.pyc
IO:open64:0x1B6
IO:close:/usr/lib/python3/dist-packages/lark/parsers/__pycache__/earley_common.cpython-313.pyc
IO:open:/usr/lib/python3/dist-packages/lark/parsers/__pycache__/earley_forest.cpython-313.pyc
IO:open64:0x1B6
IO:close:/usr/lib/python3/dist-packages/lark/parsers/__pycache__/earley_forest.cpython-313.pyc
IO:open:/usr/lib/python3/dist-packages/lark/parsers/__pycache__/xearley.cpython-313.pyc
IO:open64:0x1B6
IO:close:/usr/lib/python3/dist-packages/lark/parsers/__pycache__/xearley.cpython-313.pyc
IO:open:/usr/lib/python3/dist-packages/lark/parsers/__pycache__/cyk.cpython-313.pyc
IO:open64:0x1B6
IO:close:/usr/lib/python3/dist-packages/lark/parsers/__pycache__/cyk.cpython-313.pyc
IO:open:/usr/lib/python3/dist-packages/lark/parsers/__pycache__/lalr_parser.cpython-313.pyc
IO:open64:0x1B6
IO:close:/usr/lib/python3/dist-packages/lark/parsers/__pycache__/lalr_parser.cpython-313.pyc
IO:open:/usr/lib/python3/dist-packages/lark/parsers/__pycache__/lalr_analysis.cpython-313.pyc
IO:open64:0x1B6
IO:close:/usr/lib/python3/dist-packages/lark/parsers/__pycache__/lalr_analysis.cpython-313.pyc
IO:open:/usr/lib/python3/dist-packages/lark/parsers/__pycache__/lalr_interactive_parser.cpython-313.pyc
IO:open64:0x1B6
IO:close:/usr/lib/python3/dist-packages/lark/parsers/__pycache__/lalr_interactive_parser.cpython-313.pyc
IO:open:/usr/lib/python3/dist-packages/lark/parsers/__pycache__/lalr_parser_state.cpython-313.pyc
IO:open64:0x1B6
IO:close:/usr/lib/python3/dist-packages/lark/parsers/__pycache__/lalr_parser_state.cpython-313.pyc
IO:open:/usr/lib/python3/dist-packages/lark/__pycache__/reconstruct.cpython-313.pyc
IO:open64:0x1B6
IO:close:/usr/lib/python3/dist-packages/lark/__pycache__/reconstruct.cpython-313.pyc
IO:open:/usr/lib/python3/dist-packages/lark/__pycache__/tree_matcher.cpython-313.pyc
IO:open64:0x1B6
IO:close:/usr/lib/python3/dist-packages/lark/__pycache__/tree_matcher.cpython-313.pyc
IO:open:/usr/lib/python3/dist-packages/lark/grammars/common.lark
IO:open64:0x1B6
IO:close:/usr/lib/python3/dist-packages/lark/grammars/common.lark
IO:open:/usr/lib/python3/dist-packages/kikit/resources/graphics/panelizeIcon_24x24.png
IO:fopen64:rb
IO:close:/usr/lib/python3/dist-packages/kikit/resources/graphics/panelizeIcon_24x24.png
PANGO:Track: use netclass width
PANGO:---
PANGO:Edit Pre-defined Sizes...
PANGO:Track: use netclass width
PANGO:---
PANGO:Edit Pre-defined Sizes...
PANGO:Via: use netclass sizes
PANGO:---
PANGO:Edit Pre-defined Sizes...
PANGO:Via: use netclass sizes
PANGO:---
PANGO:Edit Pre-defined Sizes...
PANGO:F.Cu (PgUp)
PANGO:B.Cu (PgDn)
PANGO:F.Adhesive
PANGO:B.Adhesive
PANGO:F.Paste
PANGO:B.Paste
PANGO:F.Silkscreen
PANGO:B.Silkscreen
PANGO:F.Mask
PANGO:B.Mask
PANGO:User.Drawings
PANGO:User.Comments
PANGO:User.Eco1
PANGO:User.Eco2
PANGO:Edge.Cuts
PANGO:Margin
PANGO:F.Courtyard
PANGO:B.Courtyard
PANGO:F.Fab
PANGO:B.Fab
PANGO:User.1
PANGO:User.2
PANGO:User.3
PANGO:User.4
PANGO:F.Cu (PgUp)
PANGO:B.Cu (PgDn)
PANGO:F.Adhesive
PANGO:B.Adhesive
PANGO:F.Paste
PANGO:B.Paste
PANGO:F.Silkscreen
PANGO:B.Silkscreen
PANGO:F.Mask
PANGO:B.Mask
PANGO:User.Drawings
PANGO:User.Comments
PANGO:User.Eco1
PANGO:User.Eco2
PANGO:Edge.Cuts
PANGO:Margin
PANGO:F.Courtyard
PANGO:B.Courtyard
PANGO:F.Fab
PANGO:B.Fab
PANGO:User.1
PANGO:User.2
PANGO:User.3
PANGO:User.4
PANGO:25.4000 mm (1000.00 mils)
PANGO:12.7000 mm (500.00 mils)
PANGO:6.3500 mm (250.00 mils)
PANGO:5.0800 mm (200.00 mils)
PANGO:2.5400 mm (100.00 mils)
PANGO:1.2700 mm (50.00 mils)
PANGO:0.6350 mm (25.00 mils)
PANGO:0.5080 mm (20.00 mils)
PANGO:0.2540 mm (10.00 mils)
PANGO:0.1270 mm (5.00 mils)
PANGO:0.0508 mm (2.00 mils)
PANGO:0.0254 mm (1.00 mils)
PANGO:5.0000 mm (196.85 mils)
PANGO:2.5000 mm (98.43 mils)
PANGO:1.0000 mm (39.37 mils)
PANGO:0.5000 mm (19.69 mils)
PANGO:0.2500 mm (9.84 mils)
PANGO:0.2000 mm (7.87 mils)
PANGO:0.1000 mm (3.94 mils)
PANGO:0.0500 mm (1.97 mils)
PANGO:0.0250 mm (0.98 mils)
PANGO:0.0100 mm (0.39 mils)
PANGO:---
PANGO:Edit Grids...
PANGO:25.4000 mm (1000.00 mils)
PANGO:12.7000 mm (500.00 mils)
PANGO:6.3500 mm (250.00 mils)
PANGO:5.0800 mm (200.00 mils)
PANGO:2.5400 mm (100.00 mils)
PANGO:1.2700 mm (50.00 mils)
PANGO:0.6350 mm (25.00 mils)
PANGO:0.5080 mm (20.00 mils)
PANGO:0.2540 mm (10.00 mils)
PANGO:0.1270 mm (5.00 mils)
PANGO:0.0508 mm (2.00 mils)
PANGO:0.0254 mm (1.00 mils)
PANGO:5.0000 mm (196.85 mils)
PANGO:2.5000 mm (98.43 mils)
PANGO:1.0000 mm (39.37 mils)
PANGO:0.5000 mm (19.69 mils)
PANGO:0.2500 mm (9.84 mils)
PANGO:0.2000 mm (7.87 mils)
PANGO:0.1000 mm (3.94 mils)
PANGO:0.0500 mm (1.97 mils)
PANGO:0.0250 mm (0.98 mils)
PANGO:0.0100 mm (0.39 mils)
PANGO:---
PANGO:Edit Grids...
PANGO:Zoom Auto
PANGO:Zoom 0.13
PANGO:Zoom 0.22
PANGO:Zoom 0.35
PANGO:Zoom 0.60
PANGO:Zoom 1.00
PANGO:Zoom 1.50
PANGO:Zoom 2.20
PANGO:Zoom 3.50
PANGO:Zoom 5.00
PANGO:Zoom 8.00
PANGO:Zoom 13.00
PANGO:Zoom 20.00
PANGO:Zoom 35.00
PANGO:Zoom 50.00
PANGO:Zoom 80.00
PANGO:Zoom 130.00
PANGO:Zoom 220.00
PANGO:Zoom 300.00
PANGO:Zoom Auto
PANGO:Zoom 0.13
PANGO:Zoom 0.22
PANGO:Zoom 0.35
PANGO:Zoom 0.60
PANGO:Zoom 1.00
PANGO:Zoom 1.50
PANGO:Zoom 2.20
PANGO:Zoom 3.50
PANGO:Zoom 5.00
PANGO:Zoom 8.00
PANGO:Zoom 13.00
PANGO:Zoom 20.00
PANGO:Zoom 35.00
PANGO:Zoom 50.00
PANGO:Zoom 80.00
PANGO:Zoom 130.00
PANGO:Zoom 220.00
PANGO:Zoom 300.00
PANGO:All items
PANGO:Locked items
PANGO:Footprints
PANGO:Text
PANGO:Tracks
PANGO:Vias
PANGO:Pads
PANGO:Graphics
PANGO:Zones
PANGO:Rule Areas
PANGO:Dimensions
PANGO:Other items
PANGO:F.Cu
PANGO:B.Cu
PANGO:F.Adhesive
PANGO:B.Adhesive
PANGO:F.Paste
PANGO:B.Paste
PANGO:F.Silkscreen
PANGO:B.Silkscreen
PANGO:F.Mask
PANGO:B.Mask
PANGO:User.Drawings
PANGO:User.Comments
PANGO:User.Eco1
PANGO:User.Eco2
PANGO:Edge.Cuts
PANGO:Margin
PANGO:F.Courtyard
PANGO:B.Courtyard
PANGO:F.Fab
PANGO:B.Fab
PANGO:User.1
PANGO:User.2
PANGO:User.3
PANGO:User.4
PANGO:Tracks
PANGO:Vias
PANGO:Pads
PANGO:Zones
PANGO:Filled Shapes
PANGO:Images
PANGO:Footprints Front
PANGO:Footprints Back
PANGO:Values
PANGO:References
PANGO:Footprint Text
PANGO:Ratsnest
PANGO:DRC Warnings
PANGO:DRC Errors
PANGO:DRC Exclusions
PANGO:Anchors
PANGO:Locked Item Shadow
PANGO:Colliding Courtyards
PANGO:Drawing Sheet
PANGO:Grid
PANGO:Tracks
PANGO:Vias
PANGO:Pads
PANGO:Zones
PANGO:Filled Shapes
PANGO:Images
PANGO:Footprints Front
PANGO:Footprints Back
PANGO:Values
PANGO:References
PANGO:Footprint Text
PANGO:Ratsnest
PANGO:DRC Warnings
PANGO:DRC Errors
PANGO:DRC Exclusions
PANGO:Anchors
PANGO:Locked Item Shadow
PANGO:Colliding Courtyards
PANGO:Drawing Sheet
PANGO:Grid
PANGO:Nets
PANGO:Net Classes
PANGO:Default
PANGO:Net Classes
PANGO:Presets (Ctrl+Tab):
PANGO:All Copper Layers
PANGO:All Layers
PANGO:Back Assembly View
PANGO:Back Layers
PANGO:Front Assembly View
PANGO:Front Layers
PANGO:Inner Copper Layers
PANGO:No Layers
PANGO:---
PANGO:Save preset...
PANGO:Delete preset...
PANGO:All Copper Layers
PANGO:All Layers
PANGO:Back Assembly View
PANGO:Back Layers
PANGO:Front Assembly View
PANGO:Front Layers
PANGO:Inner Copper Layers
PANGO:No Layers
PANGO:---
PANGO:Save preset...
PANGO:Delete preset...
PANGO:Viewports (Shift+Tab):
PANGO:---
PANGO:Save viewport...
PANGO:Delete viewport...
PANGO:---
PANGO:Save viewport...
PANGO:Delete viewport...
PANGO:Presets (Ctrl+Tab):
PANGO:Viewports (Shift+Tab):
PANGO:Track: use netclass width
PANGO:---
PANGO:Edit Pre-defined Sizes...
PANGO:Track: use netclass width
PANGO:---
PANGO:Edit Pre-defined Sizes...
PANGO:Via: use netclass sizes
PANGO:---
PANGO:Edit Pre-defined Sizes...
PANGO:Via: use netclass sizes
PANGO:---
PANGO:Edit Pre-defined Sizes...
PANGO:F.Cu (PgUp)
PANGO:B.Cu (PgDn)
PANGO:F.Adhesive
PANGO:B.Adhesive
PANGO:F.Paste
PANGO:B.Paste
PANGO:F.Silkscreen
PANGO:B.Silkscreen
PANGO:F.Mask
PANGO:B.Mask
PANGO:User.Drawings
PANGO:User.Comments
PANGO:User.Eco1
PANGO:User.Eco2
PANGO:Edge.Cuts
PANGO:Margin
PANGO:F.Courtyard
PANGO:B.Courtyard
PANGO:F.Fab
PANGO:B.Fab
PANGO:User.1
PANGO:User.2
PANGO:User.3
PANGO:User.4
PANGO:F.Cu (PgUp)
PANGO:B.Cu (PgDn)
PANGO:F.Adhesive
PANGO:B.Adhesive
PANGO:F.Paste
PANGO:B.Paste
PANGO:F.Silkscreen
PANGO:B.Silkscreen
PANGO:F.Mask
PANGO:B.Mask
PANGO:User.Drawings
PANGO:User.Comments
PANGO:User.Eco1
PANGO:User.Eco2
PANGO:Edge.Cuts
PANGO:Margin
PANGO:F.Courtyard
PANGO:B.Courtyard
PANGO:F.Fab
PANGO:B.Fab
PANGO:User.1
PANGO:User.2
PANGO:User.3
PANGO:User.4
PANGO:25.4000 mm (1000.00 mils)
PANGO:12.7000 mm (500.00 mils)
PANGO:6.3500 mm (250.00 mils)
PANGO:5.0800 mm (200.00 mils)
PANGO:2.5400 mm (100.00 mils)
PANGO:1.2700 mm (50.00 mils)
PANGO:0.6350 mm (25.00 mils)
PANGO:0.5080 mm (20.00 mils)
PANGO:0.2540 mm (10.00 mils)
PANGO:0.1270 mm (5.00 mils)
PANGO:0.0508 mm (2.00 mils)
PANGO:0.0254 mm (1.00 mils)
PANGO:5.0000 mm (196.85 mils)
PANGO:2.5000 mm (98.43 mils)
PANGO:1.0000 mm (39.37 mils)
PANGO:0.5000 mm (19.69 mils)
PANGO:0.2500 mm (9.84 mils)
PANGO:0.2000 mm (7.87 mils)
PANGO:0.1000 mm (3.94 mils)
PANGO:0.0500 mm (1.97 mils)
PANGO:0.0250 mm (0.98 mils)
PANGO:0.0100 mm (0.39 mils)
PANGO:---
PANGO:Edit Grids...
PANGO:25.4000 mm (1000.00 mils)
PANGO:12.7000 mm (500.00 mils)
PANGO:6.3500 mm (250.00 mils)
PANGO:5.0800 mm (200.00 mils)
PANGO:2.5400 mm (100.00 mils)
PANGO:1.2700 mm (50.00 mils)
PANGO:0.6350 mm (25.00 mils)
PANGO:0.5080 mm (20.00 mils)
PANGO:0.2540 mm (10.00 mils)
PANGO:0.1270 mm (5.00 mils)
PANGO:0.0508 mm (2.00 mils)
PANGO:0.0254 mm (1.00 mils)
PANGO:5.0000 mm (196.85 mils)
PANGO:2.5000 mm (98.43 mils)
PANGO:1.0000 mm (39.37 mils)
PANGO:0.5000 mm (19.69 mils)
PANGO:0.2500 mm (9.84 mils)
PANGO:0.2000 mm (7.87 mils)
PANGO:0.1000 mm (3.94 mils)
PANGO:0.0500 mm (1.97 mils)
PANGO:0.0250 mm (0.98 mils)
PANGO:0.0100 mm (0.39 mils)
PANGO:---
PANGO:Edit Grids...
PANGO:Zoom Auto
PANGO:Zoom 0.13
PANGO:Zoom 0.22
PANGO:Zoom 0.35
PANGO:Zoom 0.60
PANGO:Zoom 1.00
PANGO:Zoom 1.50
PANGO:Zoom 2.20
PANGO:Zoom 3.50
PANGO:Zoom 5.00
PANGO:Zoom 8.00
PANGO:Zoom 13.00
PANGO:Zoom 20.00
PANGO:Zoom 35.00
PANGO:Zoom 50.00
PANGO:Zoom 80.00
PANGO:Zoom 130.00
PANGO:Zoom 220.00
PANGO:Zoom 300.00
PANGO:Zoom Auto
PANGO:Zoom 0.13
PANGO:Zoom 0.22
PANGO:Zoom 0.35
PANGO:Zoom 0.60
PANGO:Zoom 1.00
PANGO:Zoom 1.50
PANGO:Zoom 2.20
PANGO:Zoom 3.50
PANGO:Zoom 5.00
PANGO:Zoom 8.00
PANGO:Zoom 13.00
PANGO:Zoom 20.00
PANGO:Zoom 35.00
PANGO:Zoom 50.00
PANGO:Zoom 80.00
PANGO:Zoom 130.00
PANGO:Zoom 220.00
PANGO:Zoom 300.00
PANGO:F.Cu
PANGO:B.Cu
PANGO:F.Adhesive
PANGO:B.Adhesive
PANGO:F.Paste
PANGO:B.Paste
PANGO:F.Silkscreen
PANGO:B.Silkscreen
PANGO:F.Mask
PANGO:B.Mask
PANGO:User.Drawings
PANGO:User.Comments
PANGO:User.Eco1
PANGO:User.Eco2
PANGO:Edge.Cuts
PANGO:Margin
PANGO:F.Courtyard
PANGO:B.Courtyard
PANGO:F.Fab
PANGO:B.Fab
PANGO:User.1
PANGO:User.2
PANGO:User.3
PANGO:User.4
PANGO:Tracks
PANGO:Vias
PANGO:Pads
PANGO:Zones
PANGO:Filled Shapes
PANGO:Images
PANGO:Footprints Front
PANGO:Footprints Back
PANGO:Values
PANGO:References
PANGO:Footprint Text
PANGO:Ratsnest
PANGO:DRC Warnings
PANGO:DRC Errors
PANGO:DRC Exclusions
PANGO:Anchors
PANGO:Locked Item Shadow
PANGO:Colliding Courtyards
PANGO:Drawing Sheet
PANGO:Grid
PANGO:Net Classes
PANGO:Default
PANGO:Nets
PANGO:All Copper Layers
PANGO:All Layers
PANGO:Back Assembly View
PANGO:Back Layers
PANGO:Front Assembly View
PANGO:Front Layers
PANGO:Inner Copper Layers
PANGO:No Layers
PANGO:---
PANGO:Save preset...
PANGO:Delete preset...
PANGO:All Copper Layers
PANGO:All Layers
PANGO:Back Assembly View
PANGO:Back Layers
PANGO:Front Assembly View
PANGO:Front Layers
PANGO:Inner Copper Layers
PANGO:No Layers
PANGO:---
PANGO:Save preset...
PANGO:Delete preset...
PANGO:---
PANGO:Save viewport...
PANGO:Delete viewport...
PANGO:---
PANGO:Save viewport...
PANGO:Delete viewport...
PANGO:F.Cu
PANGO:B.Cu
PANGO:F.Adhesive
PANGO:B.Adhesive
PANGO:F.Paste
PANGO:B.Paste
PANGO:F.Silkscreen
PANGO:B.Silkscreen
PANGO:F.Mask
PANGO:B.Mask
PANGO:User.Drawings
PANGO:User.Comments
PANGO:User.Eco1
PANGO:User.Eco2
PANGO:Edge.Cuts
PANGO:Margin
PANGO:F.Courtyard
PANGO:B.Courtyard
PANGO:F.Fab
PANGO:B.Fab
PANGO:User.1
PANGO:User.2
PANGO:User.3
PANGO:User.4
PANGO:Layer Display Options
PANGO:Presets (Ctrl+Tab):
PANGO:Viewports (Shift+Tab):
PANGO:The quick brown fox jumps over the lazy dog.
PANGO:0123456789
PANGO:Appearance
IO:open:/root/.icons/default/cursors/row-resize
IO:fopen:re
IO:open:/root/.icons/default/index.theme
IO:fopen:re
IO:open:/usr/share/icons/default/cursors/row-resize
IO:fopen:re
IO:open:/usr/share/icons/default/index.theme
IO:fopen:re
IO:open:/usr/share/pixmaps/default/cursors/row-resize
IO:fopen:re
IO:open:/usr/share/pixmaps/default/index.theme
IO:fopen:re
IO:open:/root/.icons/default/cursors/v_double_arrow
IO:fopen:re
IO:open:/root/.icons/default/index.theme
IO:fopen:re
IO:open:/usr/share/icons/default/cursors/v_double_arrow
IO:fopen:re
IO:open:/usr/share/icons/default/index.theme
IO:fopen:re
IO:open:/usr/share/pixmaps/default/cursors/v_double_arrow
IO:fopen:re
IO:open:/usr/share/pixmaps/default/index.theme
IO:fopen:re
IO:open:/root/.icons/default/cursors/left_ptr
IO:fopen:re
IO:open:/root/.icons/default/index.theme
IO:fopen:re
IO:open:/usr/share/icons/default/cursors/left_ptr
IO:fopen:re
IO:open:/usr/share/icons/default/index.theme
IO:fopen:re
IO:open:/usr/share/pixmaps/default/cursors/left_ptr
IO:fopen:re
IO:open:/usr/share/pixmaps/default/index.theme
IO:fopen:re
PANGO:Selection Filter
PANGO:Pads
PANGO:0
PANGO:Vias
PANGO:0
PANGO:Track Segments
PANGO:0
PANGO:Nets
PANGO:0
PANGO:Unrouted
PANGO:0
PANGO:Track: use netclass width
PANGO:Via: use netclass sizes
PANGO:Layer Display Options
PANGO:---
PANGO:Z 0.16
PANGO:X 0.0000  Y 0.0000
PANGO:dx 0.0000  dy 0.0000  dist 0.0000
PANGO:grid 0.5000
PANGO:mm
PANGO:Appearance
PANGO:Selection Filter
PANGO:Track: use netclass width
PANGO:Via: use netclass sizes
PANGO:Appearance
PANGO:Selection Filter
PANGO:Appearance
PANGO:Selection Filter
PANGO:Appearance
PANGO:Selection Filter
PANGO:Pads
PANGO:0
PANGO:Vias
PANGO:0
PANGO:Track Segments
PANGO:0
PANGO:Nets
PANGO:0
PANGO:Unrouted
PANGO:0
PANGO:Track: use netclass width
PANGO:Via: use netclass sizes
PANGO:Layer Display Options
PANGO:---
PANGO:Z 0.16
PANGO:X 0.0000  Y 0.0000
PANGO:dx 0.0000  dy 0.0000  dist 0.0000
PANGO:grid 0.5000
PANGO:mm
PANGO:Appearance
PANGO:Selection Filter
PANGO:Appearance
PANGO:Selection Filter
PANGO:Track: use netclass width
PANGO:Via: use netclass sizes
PANGO:Appearance
PANGO:Selection Filter
PANGO:Appearance
PANGO:Selection Filter
PANGO:F.Cu (PgUp)
PANGO:B.Cu (PgDn)
PANGO:F.Adhesive
PANGO:B.Adhesive
PANGO:F.Paste
PANGO:B.Paste
PANGO:F.Silkscreen
PANGO:B.Silkscreen
PANGO:F.Mask
PANGO:B.Mask
PANGO:User.Drawings
PANGO:User.Comments
PANGO:User.Eco1
PANGO:User.Eco2
PANGO:Edge.Cuts
PANGO:Margin
PANGO:F.Courtyard
PANGO:B.Courtyard
PANGO:F.Fab
PANGO:B.Fab
PANGO:User.1
PANGO:User.2
PANGO:User.3
PANGO:User.4
PANGO:25.4000 mm (1000.00 mils)
PANGO:12.7000 mm (500.00 mils)
PANGO:6.3500 mm (250.00 mils)
PANGO:5.0800 mm (200.00 mils)
PANGO:2.5400 mm (100.00 mils)
PANGO:1.2700 mm (50.00 mils)
PANGO:0.6350 mm (25.00 mils)
PANGO:0.5080 mm (20.00 mils)
PANGO:0.2540 mm (10.00 mils)
PANGO:0.1270 mm (5.00 mils)
PANGO:0.0508 mm (2.00 mils)
PANGO:0.0254 mm (1.00 mils)
PANGO:5.0000 mm (196.85 mils)
PANGO:2.5000 mm (98.43 mils)
PANGO:1.0000 mm (39.37 mils)
PANGO:0.5000 mm (19.69 mils)
PANGO:0.2500 mm (9.84 mils)
PANGO:0.2000 mm (7.87 mils)
PANGO:0.1000 mm (3.94 mils)
PANGO:0.0500 mm (1.97 mils)
PANGO:0.0250 mm (0.98 mils)
PANGO:0.0100 mm (0.39 mils)
PANGO:---
PANGO:Edit Grids...
PANGO:Zoom Auto
PANGO:Zoom 0.13
PANGO:Zoom 0.22
PANGO:Zoom 0.35
PANGO:Zoom 0.60
PANGO:Zoom 1.00
PANGO:Zoom 1.50
PANGO:Zoom 2.20
PANGO:Zoom 3.50
PANGO:Zoom 5.00
PANGO:Zoom 8.00
PANGO:Zoom 13.00
PANGO:Zoom 20.00
PANGO:Zoom 35.00
PANGO:Zoom 50.00
PANGO:Zoom 80.00
PANGO:Zoom 130.00
PANGO:Zoom 220.00
PANGO:Zoom 300.00
PANGO:F.Cu
PANGO:B.Cu
PANGO:F.Adhesive
PANGO:B.Adhesive
PANGO:F.Paste
PANGO:B.Paste
PANGO:F.Silkscreen
PANGO:B.Silkscreen
PANGO:F.Mask
PANGO:B.Mask
PANGO:User.Drawings
PANGO:User.Comments
PANGO:User.Eco1
PANGO:User.Eco2
PANGO:Edge.Cuts
PANGO:Margin
PANGO:F.Courtyard
PANGO:B.Courtyard
PANGO:F.Fab
PANGO:B.Fab
PANGO:User.1
PANGO:User.2
PANGO:User.3
PANGO:User.4
PANGO:Tracks
PANGO:Vias
PANGO:Pads
PANGO:Zones
PANGO:Filled Shapes
PANGO:Images
PANGO:Footprints Front
PANGO:Footprints Back
PANGO:Values
PANGO:References
PANGO:Footprint Text
PANGO:Ratsnest
PANGO:DRC Warnings
PANGO:DRC Errors
PANGO:DRC Exclusions
PANGO:Anchors
PANGO:Locked Item Shadow
PANGO:Colliding Courtyards
PANGO:Drawing Sheet
PANGO:Grid
PANGO:Nets
PANGO:Net Classes
PANGO:Default
PANGO:Presets (Ctrl+Tab):
PANGO:Viewports (Shift+Tab):
PANGO:Appearance
PANGO:Selection Filter
PANGO:Track: use netclass width
PANGO:Via: use netclass sizes
PANGO:Layer Display Options
PANGO:---
PANGO:Appearance
PANGO:Selection Filter
PANGO:Layer Display Options
GTK:Label Set Text 2:New...
GTK:Label Set Text 2:Open...
GTK:Label Set Text 2:Open Recent
GTK:Label Set Text 2:Append Board...
GTK:Label Set Text 2:Save
GTK:Label Set Text 2:Save As...
GTK:Label Set Text 2:Revert
GTK:Label Set Text 2:Resc_ue
GTK:Label Set Text 2:Netlist...
GTK:Label Set Text 2:Specctra Session...
GTK:Label Set Text 2:Graphics...
GTK:Label Set Text 2:Non-KiCad Board File...
GTK:Label Set Text 2:Import
GTK:Label Set Text 2:Netlist...
GTK:Label Set Text 2:Specctra Session...
GTK:Label Set Text 2:Graphics...
GTK:Label Set Text 2:Non-KiCad Board File...
GTK:Label Set Text 2:Specctra DSN...
GTK:Label Set Text 2:_GenCAD...
GTK:Label Set Text 2:_VRML...
GTK:Label Set Text 2:IDFv3...
GTK:Label Set Text 2:STEP / GLB / BREP / XAO / PLY / STL...
GTK:Label Set Text 2:Footprint Association (.cmp) File...
GTK:Label Set Text 2:Hyperlynx...
GTK:Label Set Text 2:Footprints to Library...
GTK:Label Set Text 2:Footprints to New Library...
GTK:Label Set Text 2:E_xport
GTK:Label Set Text 2:Specctra DSN...
GTK:Label Set Text 2:_GenCAD...
GTK:Label Set Text 2:_VRML...
GTK:Label Set Text 2:IDFv3...
GTK:Label Set Text 2:STEP / GLB / BREP / XAO / PLY / STL...
GTK:Label Set Text 2:Footprint Association (.cmp) File...
GTK:Label Set Text 2:Hyperlynx...
GTK:Label Set Text 2:Footprints to Library...
GTK:Label Set Text 2:Footprints to New Library...
GTK:Label Set Text 2:Gerbers (.gbr)...
GTK:Label Set Text 2:Drill Files (.drl)...
GTK:Label Set Text 2:IPC-2581 File (.xml)...
GTK:Label Set Text 2:ODB++ Output File...
GTK:Label Set Text 2:Component Placement (.pos, .gbr)...
GTK:Label Set Text 2:Footprint Report (.rpt)...
GTK:Label Set Text 2:_IPC-D-356 Netlist File...
GTK:Label Set Text 2:Bill of Materials...
GTK:Label Set Text 2:Fabrication Outputs
GTK:Label Set Text 2:Gerbers (.gbr)...
GTK:Label Set Text 2:Drill Files (.drl)...
GTK:Label Set Text 2:IPC-2581 File (.xml)...
GTK:Label Set Text 2:ODB++ Output File...
GTK:Label Set Text 2:Component Placement (.pos, .gbr)...
GTK:Label Set Text 2:Footprint Report (.rpt)...
GTK:Label Set Text 2:_IPC-D-356 Netlist File...
GTK:Label Set Text 2:Bill of Materials...
GTK:Label Set Text 2:Board Setup...
GTK:Label Set Text 2:Page Settings...
GTK:Label Set Text 2:Print...
GTK:Label Set Text 2:Plot...
GTK:Label Set Text 2:Quit
GTK:Label Set Text 2:Undo
GTK:Label Set Text 2:Redo
GTK:Label Set Text 2:Cut
GTK:Label Set Text 2:Copy
GTK:Label Set Text 2:Paste
GTK:Label Set Text 2:Paste Special...
GTK:Label Set Text 2:Delete
GTK:Label Set Text 2:Select All
GTK:Label Set Text 2:Unselect All
GTK:Label Set Text 2:Find
GTK:Label Set Text 2:Edit Track & Via Properties...
GTK:Label Set Text 2:Edit Text & Graphics Properties...
GTK:Label Set Text 2:Edit Teardrops...
GTK:Label Set Text 2:Change Footprints...
GTK:Label Set Text 2:Swap Layers...
GTK:Label Set Text 2:Grid Origin...
GTK:Label Set Text 2:Fill All Zones
GTK:Label Set Text 2:Unfill All Zones
GTK:Label Set Text 2:Update All Tuning Patterns
GTK:Label Set Text 2:Interactive Delete Tool
GTK:Label Set Text 2:Global Deletions...
GTK:Label Set Text 2:Properties
GTK:Label Set Text 2:Search
GTK:Label Set Text 2:Appearance
GTK:Label Set Text 2:Net Inspector
GTK:Label Set Text 2:Panels
GTK:Label Set Text 2:Properties
GTK:Label Set Text 2:Search
GTK:Label Set Text 2:Appearance
GTK:Label Set Text 2:Net Inspector
GTK:Label Set Text 2:Footprint Library Browser
GTK:Label Set Text 2:3D Viewer
GTK:Label Set Text 2:Zoom In
GTK:Label Set Text 2:Zoom Out
GTK:Label Set Text 2:Zoom to Fit
GTK:Label Set Text 2:Zoom to Objects
GTK:Label Set Text 2:Zoom to Selection
GTK:Label Set Text 2:Refresh
GTK:Label Set Text 2:Draw Zone Fills
GTK:Label Set Text 2:Draw Zone Outlines
GTK:Label Set Text 2:Sketch Pads
GTK:Label Set Text 2:Sketch Vias
GTK:Label Set Text 2:Sketch Tracks
GTK:Label Set Text 2:Sketch Graphic Items
GTK:Label Set Text 2:Sketch Text Items
GTK:Label Set Text 2:_Drawing Mode
GTK:Label Set Text 2:Draw Zone Fills
GTK:Label Set Text 2:Draw Zone Outlines
GTK:Label Set Text 2:Sketch Pads
GTK:Label Set Text 2:Sketch Vias
GTK:Label Set Text 2:Sketch Tracks
GTK:Label Set Text 2:Sketch Graphic Items
GTK:Label Set Text 2:Sketch Text Items
GTK:Label Set Text 2:Inactive Layer View Mode
GTK:Label Set Text 2:Decrease Layer Opacity
GTK:Label Set Text 2:Increase Layer Opacity
GTK:Label Set Text 2:_Contrast Mode
GTK:Label Set Text 2:Inactive Layer View Mode
GTK:Label Set Text 2:Decrease Layer Opacity
GTK:Label Set Text 2:Increase Layer Opacity
GTK:Label Set Text 2:Flip Board View
GTK:Label Set Text 2:Place Footprints
GTK:Label Set Text 2:Place Vias
GTK:Label Set Text 2:Draw Filled Zones
GTK:Label Set Text 2:Draw Rule Areas
GTK:Label Set Text 2:Draw Microwave Lines
GTK:Label Set Text 2:Draw Microwave Gaps
GTK:Label Set Text 2:Draw Microwave Stubs
GTK:Label Set Text 2:Draw Microwave Arc Stubs
GTK:Label Set Text 2:Draw Microwave Polygonal Shapes
GTK:Label Set Text 2:Draw Microwave Shapes
GTK:Label Set Text 2:Draw Microwave Lines
GTK:Label Set Text 2:Draw Microwave Gaps
GTK:Label Set Text 2:Draw Microwave Stubs
GTK:Label Set Text 2:Draw Microwave Arc Stubs
GTK:Label Set Text 2:Draw Microwave Polygonal Shapes
GTK:Label Set Text 2:Draw Lines
GTK:Label Set Text 2:Draw Arcs
GTK:Label Set Text 2:Draw Rectangles
GTK:Label Set Text 2:Draw Circles
GTK:Label Set Text 2:Draw Polygons
GTK:Label Set Text 2:Draw Bezier Curve
GTK:Label Set Text 2:Place Reference Images
GTK:Label Set Text 2:Draw Text
GTK:Label Set Text 2:Draw Text Boxes
GTK:Label Set Text 2:Draw Tables
GTK:Label Set Text 2:Draw Orthogonal Dimensions
GTK:Label Set Text 2:Draw Aligned Dimensions
GTK:Label Set Text 2:Draw Center Dimensions
GTK:Label Set Text 2:Draw Radial Dimensions
GTK:Label Set Text 2:Draw Leaders
GTK:Label Set Text 2:Draw Dimensions
GTK:Label Set Text 2:Draw Orthogonal Dimensions
GTK:Label Set Text 2:Draw Aligned Dimensions
GTK:Label Set Text 2:Draw Center Dimensions
GTK:Label Set Text 2:Draw Radial Dimensions
GTK:Label Set Text 2:Draw Leaders
GTK:Label Set Text 2:Add Board Characteristics
GTK:Label Set Text 2:Add Stackup Table
GTK:Label Set Text 2:Drill/Place File Origin
GTK:Label Set Text 2:Reset Drill Origin
GTK:Label Set Text 2:Grid Origin
GTK:Label Set Text 2:Reset Grid Origin
GTK:Label Set Text 2:Place Off-Board Footprints
GTK:Label Set Text 2:Place Selected Footprints
GTK:Label Set Text 2:Auto-Place Footprints
GTK:Label Set Text 2:Place Off-Board Footprints
GTK:Label Set Text 2:Place Selected Footprints
GTK:Label Set Text 2:Set Layer Pair...
GTK:Label Set Text 2:Route Single Track
GTK:Label Set Text 2:Route Differential Pair
GTK:Label Set Text 2:Tune Length of a Single Track
GTK:Label Set Text 2:Tune Length of a Differential Pair
GTK:Label Set Text 2:Tune Skew of a Differential Pair
GTK:Label Set Text 2:Interactive Router Settings...
GTK:Label Set Text 2:Show Board Statistics
GTK:Label Set Text 2:Measure Tool
GTK:Label Set Text 2:Design Rules Checker
GTK:Label Set Text 2:Previous Marker
GTK:Label Set Text 2:Next Marker
GTK:Label Set Text 2:Exclude Marker
GTK:Label Set Text 2:Clearance Resolution
GTK:Label Set Text 2:Constraints Resolution
GTK:Label Set Text 2:Show Footprint Associations
GTK:Label Set Text 2:Compare Footprint with Library
GTK:Label Set Text 2:Update PCB from Schematic...
GTK:Label Set Text 2:Switch to Schematic Editor
GTK:Label Set Text 2:Footprint Editor
GTK:Label Set Text 2:Update Footprints from Library...
GTK:Label Set Text 2:Zone Manager
GTK:Label Set Text 2:Cleanup Tracks & Vias...
GTK:Label Set Text 2:Remove Unused Pads...
GTK:Label Set Text 2:Cleanup Graphics...
GTK:Label Set Text 2:Repair Board
GTK:Label Set Text 2:Geographical Reannotate...
GTK:Label Set Text 2:Update Schematic from PCB...
GTK:Label Set Text 2:Scripting Console
GTK:Label Set Text 2:Generate Placement Rule Areas...
GTK:Label Set Text 2:Repeat Layout...
GTK:Label Set Text 2:Multi-Channel
GTK:Label Set Text 2:Generate Placement Rule Areas...
GTK:Label Set Text 2:Repeat Layout...
GTK:Label Set Text 2:Refresh Plugins
GTK:Label Set Text 2:Open Plugin Directory
GTK:Label Set Text 2:Generate Interactive HTML BOM
GTK:Label Set Text 2:KiKit: Show/hide references
GTK:Label Set Text 2:KiKit: Panelize PCB
GTK:Label Set Text 2:External Plugins
GTK:Label Set Text 2:Refresh Plugins
GTK:Label Set Text 2:Open Plugin Directory
GTK:Label Set Text 2:Generate Interactive HTML BOM
GTK:Label Set Text 2:KiKit: Show/hide references
GTK:Label Set Text 2:KiKit: Panelize PCB
GTK:Label Set Text 2:Configure Paths...
GTK:Label Set Text 2:Manage Footprint Libraries...
GTK:Label Set Text 2:Preferences...
GTK:Label Set Text 2:Default
GTK:Label Set Text 2:Čeština
GTK:Label Set Text 2:Deutsch
GTK:Label Set Text 2:Ελληνικά
GTK:Label Set Text 2:English
GTK:Label Set Text 2:Español
GTK:Label Set Text 2:Español (Latinoamericano)
GTK:Label Set Text 2:Français
GTK:Label Set Text 2:한국어
GTK:Label Set Text 2:Italiano
GTK:Label Set Text 2:Nederlands
GTK:Label Set Text 2:日本語
GTK:Label Set Text 2:ภาษาไทย
GTK:Label Set Text 2:Polski
GTK:Label Set Text 2:Português
GTK:Label Set Text 2:Português (Brasil)
GTK:Label Set Text 2:Русский
GTK:Label Set Text 2:Suomi
GTK:Label Set Text 2:Svenska
GTK:Label Set Text 2:Українська
GTK:Label Set Text 2:简体中文
GTK:Label Set Text 2:繁體中文
GTK:Label Set Text 2:Set Language
GTK:Label Set Text 2:Default
GTK:Label Set Text 2:Čeština
GTK:Label Set Text 2:Deutsch
GTK:Label Set Text 2:Ελληνικά
GTK:Label Set Text 2:English
GTK:Label Set Text 2:Español
GTK:Label Set Text 2:Español (Latinoamericano)
GTK:Label Set Text 2:Français
GTK:Label Set Text 2:한국어
GTK:Label Set Text 2:Italiano
GTK:Label Set Text 2:Nederlands
GTK:Label Set Text 2:日本語
GTK:Label Set Text 2:ภาษาไทย
GTK:Label Set Text 2:Polski
GTK:Label Set Text 2:Português
GTK:Label Set Text 2:Português (Brasil)
GTK:Label Set Text 2:Русский
GTK:Label Set Text 2:Suomi
GTK:Label Set Text 2:Svenska
GTK:Label Set Text 2:Українська
GTK:Label Set Text 2:简体中文
GTK:Label Set Text 2:繁體中文
GTK:Label Set Text 2:Help
GTK:Label Set Text 2:Getting Started with KiCad
GTK:Label Set Text 2:List Hotkeys...
GTK:Label Set Text 2:Get Involved
GTK:Label Set Text 2:Donate
GTK:Label Set Text 2:Report Bug
GTK:Label Set Text 2:About KiCad
GTK:Label Set Text 2:New...
GTK:Label Set Text 2:Open...
GTK:Label Set Text 2:Open Recent
GTK:Label Set Text 2:Append Board...
GTK:Label Set Text 2:Save
GTK:Label Set Text 2:Save As...
GTK:Label Set Text 2:Revert
GTK:Label Set Text 2:Resc_ue
GTK:Label Set Text 2:Netlist...
GTK:Label Set Text 2:Specctra Session...
GTK:Label Set Text 2:Graphics...
GTK:Label Set Text 2:Non-KiCad Board File...
GTK:Label Set Text 2:Import
GTK:Label Set Text 2:Netlist...
GTK:Label Set Text 2:Specctra Session...
GTK:Label Set Text 2:Graphics...
GTK:Label Set Text 2:Non-KiCad Board File...
GTK:Label Set Text 2:Specctra DSN...
GTK:Label Set Text 2:_GenCAD...
GTK:Label Set Text 2:_VRML...
GTK:Label Set Text 2:IDFv3...
GTK:Label Set Text 2:STEP / GLB / BREP / XAO / PLY / STL...
GTK:Label Set Text 2:Footprint Association (.cmp) File...
GTK:Label Set Text 2:Hyperlynx...
GTK:Label Set Text 2:Footprints to Library...
GTK:Label Set Text 2:Footprints to New Library...
GTK:Label Set Text 2:E_xport
GTK:Label Set Text 2:Specctra DSN...
GTK:Label Set Text 2:_GenCAD...
GTK:Label Set Text 2:_VRML...
GTK:Label Set Text 2:IDFv3...
GTK:Label Set Text 2:STEP / GLB / BREP / XAO / PLY / STL...
GTK:Label Set Text 2:Footprint Association (.cmp) File...
GTK:Label Set Text 2:Hyperlynx...
GTK:Label Set Text 2:Footprints to Library...
GTK:Label Set Text 2:Footprints to New Library...
GTK:Label Set Text 2:Gerbers (.gbr)...
GTK:Label Set Text 2:Drill Files (.drl)...
GTK:Label Set Text 2:IPC-2581 File (.xml)...
GTK:Label Set Text 2:ODB++ Output File...
GTK:Label Set Text 2:Component Placement (.pos, .gbr)...
GTK:Label Set Text 2:Footprint Report (.rpt)...
GTK:Label Set Text 2:_IPC-D-356 Netlist File...
GTK:Label Set Text 2:Bill of Materials...
GTK:Label Set Text 2:Fabrication Outputs
GTK:Label Set Text 2:Gerbers (.gbr)...
GTK:Label Set Text 2:Drill Files (.drl)...
GTK:Label Set Text 2:IPC-2581 File (.xml)...
GTK:Label Set Text 2:ODB++ Output File...
GTK:Label Set Text 2:Component Placement (.pos, .gbr)...
GTK:Label Set Text 2:Footprint Report (.rpt)...
GTK:Label Set Text 2:_IPC-D-356 Netlist File...
GTK:Label Set Text 2:Bill of Materials...
GTK:Label Set Text 2:Board Setup...
GTK:Label Set Text 2:Page Settings...
GTK:Label Set Text 2:Print...
GTK:Label Set Text 2:Plot...
GTK:Label Set Text 2:Quit
GTK:Label Set Text 2:Undo
GTK:Label Set Text 2:Redo
GTK:Label Set Text 2:Cut
GTK:Label Set Text 2:Copy
GTK:Label Set Text 2:Paste
GTK:Label Set Text 2:Paste Special...
GTK:Label Set Text 2:Delete
GTK:Label Set Text 2:Select All
GTK:Label Set Text 2:Unselect All
GTK:Label Set Text 2:Find
GTK:Label Set Text 2:Edit Track & Via Properties...
GTK:Label Set Text 2:Edit Text & Graphics Properties...
GTK:Label Set Text 2:Edit Teardrops...
GTK:Label Set Text 2:Change Footprints...
GTK:Label Set Text 2:Swap Layers...
GTK:Label Set Text 2:Grid Origin...
GTK:Label Set Text 2:Fill All Zones
GTK:Label Set Text 2:Unfill All Zones
GTK:Label Set Text 2:Update All Tuning Patterns
GTK:Label Set Text 2:Interactive Delete Tool
GTK:Label Set Text 2:Global Deletions...
GTK:Label Set Text 2:Properties
GTK:Label Set Text 2:Search
GTK:Label Set Text 2:Appearance
GTK:Label Set Text 2:Net Inspector
GTK:Label Set Text 2:Panels
GTK:Label Set Text 2:Properties
GTK:Label Set Text 2:Search
GTK:Label Set Text 2:Appearance
GTK:Label Set Text 2:Net Inspector
GTK:Label Set Text 2:Footprint Library Browser
GTK:Label Set Text 2:3D Viewer
GTK:Label Set Text 2:Zoom In
GTK:Label Set Text 2:Zoom Out
GTK:Label Set Text 2:Zoom to Fit
GTK:Label Set Text 2:Zoom to Objects
GTK:Label Set Text 2:Zoom to Selection
GTK:Label Set Text 2:Refresh
GTK:Label Set Text 2:Draw Zone Fills
GTK:Label Set Text 2:Draw Zone Outlines
GTK:Label Set Text 2:Sketch Pads
GTK:Label Set Text 2:Sketch Vias
GTK:Label Set Text 2:Sketch Tracks
GTK:Label Set Text 2:Sketch Graphic Items
GTK:Label Set Text 2:Sketch Text Items
GTK:Label Set Text 2:_Drawing Mode
GTK:Label Set Text 2:Draw Zone Fills
GTK:Label Set Text 2:Draw Zone Outlines
GTK:Label Set Text 2:Sketch Pads
GTK:Label Set Text 2:Sketch Vias
GTK:Label Set Text 2:Sketch Tracks
GTK:Label Set Text 2:Sketch Graphic Items
GTK:Label Set Text 2:Sketch Text Items
GTK:Label Set Text 2:Inactive Layer View Mode
GTK:Label Set Text 2:Decrease Layer Opacity
GTK:Label Set Text 2:Increase Layer Opacity
GTK:Label Set Text 2:_Contrast Mode
GTK:Label Set Text 2:Inactive Layer View Mode
GTK:Label Set Text 2:Decrease Layer Opacity
GTK:Label Set Text 2:Increase Layer Opacity
GTK:Label Set Text 2:Flip Board View
GTK:Label Set Text 2:Place Footprints
GTK:Label Set Text 2:Place Vias
GTK:Label Set Text 2:Draw Filled Zones
GTK:Label Set Text 2:Draw Rule Areas
GTK:Label Set Text 2:Draw Microwave Lines
GTK:Label Set Text 2:Draw Microwave Gaps
GTK:Label Set Text 2:Draw Microwave Stubs
GTK:Label Set Text 2:Draw Microwave Arc Stubs
GTK:Label Set Text 2:Draw Microwave Polygonal Shapes
GTK:Label Set Text 2:Draw Microwave Shapes
GTK:Label Set Text 2:Draw Microwave Lines
GTK:Label Set Text 2:Draw Microwave Gaps
GTK:Label Set Text 2:Draw Microwave Stubs
GTK:Label Set Text 2:Draw Microwave Arc Stubs
GTK:Label Set Text 2:Draw Microwave Polygonal Shapes
GTK:Label Set Text 2:Draw Lines
GTK:Label Set Text 2:Draw Arcs
GTK:Label Set Text 2:Draw Rectangles
GTK:Label Set Text 2:Draw Circles
GTK:Label Set Text 2:Draw Polygons
GTK:Label Set Text 2:Draw Bezier Curve
GTK:Label Set Text 2:Place Reference Images
GTK:Label Set Text 2:Draw Text
GTK:Label Set Text 2:Draw Text Boxes
GTK:Label Set Text 2:Draw Tables
GTK:Label Set Text 2:Draw Orthogonal Dimensions
GTK:Label Set Text 2:Draw Aligned Dimensions
GTK:Label Set Text 2:Draw Center Dimensions
GTK:Label Set Text 2:Draw Radial Dimensions
GTK:Label Set Text 2:Draw Leaders
GTK:Label Set Text 2:Draw Dimensions
GTK:Label Set Text 2:Draw Orthogonal Dimensions
GTK:Label Set Text 2:Draw Aligned Dimensions
GTK:Label Set Text 2:Draw Center Dimensions
GTK:Label Set Text 2:Draw Radial Dimensions
GTK:Label Set Text 2:Draw Leaders
GTK:Label Set Text 2:Add Board Characteristics
GTK:Label Set Text 2:Add Stackup Table
GTK:Label Set Text 2:Drill/Place File Origin
GTK:Label Set Text 2:Reset Drill Origin
GTK:Label Set Text 2:Grid Origin
GTK:Label Set Text 2:Reset Grid Origin
GTK:Label Set Text 2:Place Off-Board Footprints
GTK:Label Set Text 2:Place Selected Footprints
GTK:Label Set Text 2:Auto-Place Footprints
GTK:Label Set Text 2:Place Off-Board Footprints
GTK:Label Set Text 2:Place Selected Footprints
GTK:Label Set Text 2:Set Layer Pair...
GTK:Label Set Text 2:Route Single Track
GTK:Label Set Text 2:Route Differential Pair
GTK:Label Set Text 2:Tune Length of a Single Track
GTK:Label Set Text 2:Tune Length of a Differential Pair
GTK:Label Set Text 2:Tune Skew of a Differential Pair
GTK:Label Set Text 2:Interactive Router Settings...
GTK:Label Set Text 2:Show Board Statistics
GTK:Label Set Text 2:Measure Tool
GTK:Label Set Text 2:Design Rules Checker
GTK:Label Set Text 2:Previous Marker
GTK:Label Set Text 2:Next Marker
GTK:Label Set Text 2:Exclude Marker
GTK:Label Set Text 2:Clearance Resolution
GTK:Label Set Text 2:Constraints Resolution
GTK:Label Set Text 2:Show Footprint Associations
GTK:Label Set Text 2:Compare Footprint with Library
GTK:Label Set Text 2:Update PCB from Schematic...
GTK:Label Set Text 2:Switch to Schematic Editor
GTK:Label Set Text 2:Footprint Editor
GTK:Label Set Text 2:Update Footprints from Library...
GTK:Label Set Text 2:Zone Manager
GTK:Label Set Text 2:Cleanup Tracks & Vias...
GTK:Label Set Text 2:Remove Unused Pads...
GTK:Label Set Text 2:Cleanup Graphics...
GTK:Label Set Text 2:Repair Board
GTK:Label Set Text 2:Geographical Reannotate...
GTK:Label Set Text 2:Update Schematic from PCB...
GTK:Label Set Text 2:Scripting Console
GTK:Label Set Text 2:Generate Placement Rule Areas...
GTK:Label Set Text 2:Repeat Layout...
GTK:Label Set Text 2:Multi-Channel
GTK:Label Set Text 2:Generate Placement Rule Areas...
GTK:Label Set Text 2:Repeat Layout...
GTK:Label Set Text 2:Refresh Plugins
GTK:Label Set Text 2:Open Plugin Directory
GTK:Label Set Text 2:Generate Interactive HTML BOM
GTK:Label Set Text 2:KiKit: Show/hide references
GTK:Label Set Text 2:KiKit: Panelize PCB
GTK:Label Set Text 2:External Plugins
GTK:Label Set Text 2:Refresh Plugins
GTK:Label Set Text 2:Open Plugin Directory
GTK:Label Set Text 2:Generate Interactive HTML BOM
GTK:Label Set Text 2:KiKit: Show/hide references
GTK:Label Set Text 2:KiKit: Panelize PCB
GTK:Label Set Text 2:Configure Paths...
GTK:Label Set Text 2:Manage Footprint Libraries...
GTK:Label Set Text 2:Preferences...
GTK:Label Set Text 2:Default
GTK:Label Set Text 2:Čeština
GTK:Label Set Text 2:Deutsch
GTK:Label Set Text 2:Ελληνικά
GTK:Label Set Text 2:English
GTK:Label Set Text 2:Español
GTK:Label Set Text 2:Español (Latinoamericano)
GTK:Label Set Text 2:Français
GTK:Label Set Text 2:한국어
GTK:Label Set Text 2:Italiano
GTK:Label Set Text 2:Nederlands
GTK:Label Set Text 2:日本語
GTK:Label Set Text 2:ภาษาไทย
GTK:Label Set Text 2:Polski
GTK:Label Set Text 2:Português
GTK:Label Set Text 2:Português (Brasil)
GTK:Label Set Text 2:Русский
GTK:Label Set Text 2:Suomi
GTK:Label Set Text 2:Svenska
GTK:Label Set Text 2:Українська
GTK:Label Set Text 2:简体中文
GTK:Label Set Text 2:繁體中文
GTK:Label Set Text 2:Set Language
GTK:Label Set Text 2:Default
GTK:Label Set Text 2:Čeština
GTK:Label Set Text 2:Deutsch
GTK:Label Set Text 2:Ελληνικά
GTK:Label Set Text 2:English
GTK:Label Set Text 2:Español
GTK:Label Set Text 2:Español (Latinoamericano)
GTK:Label Set Text 2:Français
GTK:Label Set Text 2:한국어
GTK:Label Set Text 2:Italiano
GTK:Label Set Text 2:Nederlands
GTK:Label Set Text 2:日本語
GTK:Label Set Text 2:ภาษาไทย
GTK:Label Set Text 2:Polski
GTK:Label Set Text 2:Português
GTK:Label Set Text 2:Português (Brasil)
GTK:Label Set Text 2:Русский
GTK:Label Set Text 2:Suomi
GTK:Label Set Text 2:Svenska
GTK:Label Set Text 2:Українська
GTK:Label Set Text 2:简体中文
GTK:Label Set Text 2:繁體中文
GTK:Label Set Text 2:Help
GTK:Label Set Text 2:Getting Started with KiCad
GTK:Label Set Text 2:List Hotkeys...
GTK:Label Set Text 2:Get Involved
GTK:Label Set Text 2:Donate
GTK:Label Set Text 2:Report Bug
GTK:Label Set Text 2:About KiCad
PANGO:Track: use netclass width
PANGO:---
PANGO:Edit Pre-defined Sizes...
PANGO:Track: use netclass width
PANGO:---
PANGO:Edit Pre-defined Sizes...
PANGO:Via: use netclass sizes
PANGO:---
PANGO:Edit Pre-defined Sizes...
PANGO:Via: use netclass sizes
PANGO:---
PANGO:Edit Pre-defined Sizes...
PANGO:Zoom Auto
PANGO:Zoom 0.13
PANGO:Zoom 0.22
PANGO:Zoom 0.35
PANGO:Zoom 0.60
PANGO:Zoom 1.00
PANGO:Zoom 1.50
PANGO:Zoom 2.20
PANGO:Zoom 3.50
PANGO:Zoom 5.00
PANGO:Zoom 8.00
PANGO:Zoom 13.00
PANGO:Zoom 20.00
PANGO:Zoom 35.00
PANGO:Zoom 50.00
PANGO:Zoom 80.00
PANGO:Zoom 130.00
PANGO:Zoom 220.00
PANGO:Zoom 300.00
PANGO:25.4000 mm (1000.00 mils)
PANGO:12.7000 mm (500.00 mils)
PANGO:6.3500 mm (250.00 mils)
PANGO:5.0800 mm (200.00 mils)
PANGO:2.5400 mm (100.00 mils)
PANGO:1.2700 mm (50.00 mils)
PANGO:0.6350 mm (25.00 mils)
PANGO:0.5080 mm (20.00 mils)
PANGO:0.2540 mm (10.00 mils)
PANGO:0.1270 mm (5.00 mils)
PANGO:0.0508 mm (2.00 mils)
PANGO:0.0254 mm (1.00 mils)
PANGO:5.0000 mm (196.85 mils)
PANGO:2.5000 mm (98.43 mils)
PANGO:1.0000 mm (39.37 mils)
PANGO:0.5000 mm (19.69 mils)
PANGO:0.2500 mm (9.84 mils)
PANGO:0.2000 mm (7.87 mils)
PANGO:0.1000 mm (3.94 mils)
PANGO:0.0500 mm (1.97 mils)
PANGO:0.0250 mm (0.98 mils)
PANGO:0.0100 mm (0.39 mils)
PANGO:---
PANGO:Edit Grids...
PANGO:F.Cu (PgUp)
PANGO:B.Cu (PgDn)
PANGO:F.Adhesive
PANGO:B.Adhesive
PANGO:F.Paste
PANGO:B.Paste
PANGO:F.Silkscreen
PANGO:B.Silkscreen
PANGO:F.Mask
PANGO:B.Mask
PANGO:User.Drawings
PANGO:User.Comments
PANGO:User.Eco1
PANGO:User.Eco2
PANGO:Edge.Cuts
PANGO:Margin
PANGO:F.Courtyard
PANGO:B.Courtyard
PANGO:F.Fab
PANGO:B.Fab
PANGO:User.1
PANGO:User.2
PANGO:User.3
PANGO:User.4
PANGO:H
PANGO:File
PANGO:Edit
PANGO:View
PANGO:Place
PANGO:Route
PANGO:Inspect
PANGO:Tools
PANGO:Preferences
PANGO:Help
PANGO:Appearance
PANGO:Selection Filter
PANGO:Pads
PANGO:0
PANGO:Vias
PANGO:0
PANGO:Track Segments
PANGO:0
PANGO:Nets
PANGO:0
PANGO:Unrouted
PANGO:0
PANGO:Track: use netclass width
PANGO:Via: use netclass sizes
PANGO:Layer Display Options
PANGO:---
PANGO:Z 0.16
PANGO:X 0.0000  Y 0.0000
PANGO:dx 0.0000  dy 0.0000  dist 0.0000
PANGO:grid 0.5000
PANGO:mm
PANGO:Appearance
PANGO:Selection Filter
PANGO:Track: use netclass width
PANGO:Via: use netclass sizes
PANGO:Appearance
PANGO:Selection Filter
PANGO:Appearance
PANGO:Selection Filter
PANGO:Appearance
PANGO:Selection Filter
PANGO:Pads
PANGO:0
PANGO:Vias
PANGO:0
PANGO:Track Segments
PANGO:0
PANGO:Nets
PANGO:0
PANGO:Unrouted
PANGO:0
PANGO:Track: use netclass width
PANGO:Via: use netclass sizes
PANGO:Layer Display Options
PANGO:---
PANGO:Z 0.16
PANGO:X 0.0000  Y 0.0000
PANGO:dx 0.0000  dy 0.0000  dist 0.0000
PANGO:grid 0.5000
PANGO:mm
PANGO:Appearance
PANGO:Selection Filter
PANGO:Appearance
PANGO:Selection Filter
PANGO:Track: use netclass width
PANGO:Via: use netclass sizes
PANGO:Appearance
PANGO:Selection Filter
PANGO:Appearance
PANGO:Selection Filter
PANGO:F.Cu (PgUp)
PANGO:B.Cu (PgDn)
PANGO:F.Adhesive
PANGO:B.Adhesive
PANGO:F.Paste
PANGO:B.Paste
PANGO:F.Silkscreen
PANGO:B.Silkscreen
PANGO:F.Mask
PANGO:B.Mask
PANGO:User.Drawings
PANGO:User.Comments
PANGO:User.Eco1
PANGO:User.Eco2
PANGO:Edge.Cuts
PANGO:Margin
PANGO:F.Courtyard
PANGO:B.Courtyard
PANGO:F.Fab
PANGO:B.Fab
PANGO:User.1
PANGO:User.2
PANGO:User.3
PANGO:User.4
PANGO:F.Cu (PgUp)
PANGO:B.Cu (PgDn)
PANGO:F.Adhesive
PANGO:B.Adhesive
PANGO:F.Paste
PANGO:B.Paste
PANGO:F.Silkscreen
PANGO:B.Silkscreen
PANGO:F.Mask
PANGO:B.Mask
PANGO:User.Drawings
PANGO:User.Comments
PANGO:User.Eco1
PANGO:User.Eco2
PANGO:Edge.Cuts
PANGO:Margin
PANGO:F.Courtyard
PANGO:B.Courtyard
PANGO:F.Fab
PANGO:B.Fab
PANGO:User.1
PANGO:User.2
PANGO:User.3
PANGO:User.4
PANGO:Zoom Auto
PANGO:Zoom 0.13
PANGO:Zoom 0.22
PANGO:Zoom 0.35
PANGO:Zoom 0.60
PANGO:Zoom 1.00
PANGO:Zoom 1.50
PANGO:Zoom 2.20
PANGO:Zoom 3.50
PANGO:Zoom 5.00
PANGO:Zoom 8.00
PANGO:Zoom 13.00
PANGO:Zoom 20.00
PANGO:Zoom 35.00
PANGO:Zoom 50.00
PANGO:Zoom 80.00
PANGO:Zoom 130.00
PANGO:Zoom 220.00
PANGO:Zoom 300.00
PANGO:Zoom Auto
PANGO:Zoom 0.13
PANGO:Zoom 0.22
PANGO:Zoom 0.35
PANGO:Zoom 0.60
PANGO:Zoom 1.00
PANGO:Zoom 1.50
PANGO:Zoom 2.20
PANGO:Zoom 3.50
PANGO:Zoom 5.00
PANGO:Zoom 8.00
PANGO:Zoom 13.00
PANGO:Zoom 20.00
PANGO:Zoom 35.00
PANGO:Zoom 50.00
PANGO:Zoom 80.00
PANGO:Zoom 130.00
PANGO:Zoom 220.00
PANGO:Zoom 300.00
PANGO:F.Cu
PANGO:B.Cu
PANGO:F.Adhesive
PANGO:B.Adhesive
PANGO:F.Paste
PANGO:B.Paste
PANGO:F.Silkscreen
PANGO:B.Silkscreen
PANGO:F.Mask
PANGO:B.Mask
PANGO:User.Drawings
PANGO:User.Comments
PANGO:User.Eco1
PANGO:User.Eco2
PANGO:Edge.Cuts
PANGO:Margin
PANGO:F.Courtyard
PANGO:B.Courtyard
PANGO:F.Fab
PANGO:B.Fab
PANGO:User.1
PANGO:User.2
PANGO:User.3
PANGO:User.4
PANGO:Tracks
PANGO:Vias
PANGO:Pads
PANGO:Zones
PANGO:Filled Shapes
PANGO:Images
PANGO:Footprints Front
PANGO:Footprints Back
PANGO:Values
PANGO:References
PANGO:Footprint Text
PANGO:Ratsnest
PANGO:DRC Warnings
PANGO:DRC Errors
PANGO:DRC Exclusions
PANGO:Anchors
PANGO:Locked Item Shadow
PANGO:Colliding Courtyards
PANGO:Drawing Sheet
PANGO:Grid
PANGO:Nets
PANGO:Net Classes
PANGO:Default
PANGO:Presets (Ctrl+Tab):
PANGO:Viewports (Shift+Tab):
PANGO:F.Cu (PgUp)
PANGO:B.Cu (PgDn)
PANGO:F.Adhesive
PANGO:B.Adhesive
PANGO:F.Paste
PANGO:B.Paste
PANGO:F.Silkscreen
PANGO:B.Silkscreen
PANGO:F.Mask
PANGO:B.Mask
PANGO:User.Drawings
PANGO:User.Comments
PANGO:User.Eco1
PANGO:User.Eco2
PANGO:Edge.Cuts
PANGO:Margin
PANGO:F.Courtyard
PANGO:B.Courtyard
PANGO:F.Fab
PANGO:B.Fab
PANGO:User.1
PANGO:User.2
PANGO:User.3
PANGO:User.4
PANGO:F.Cu (PgUp)
PANGO:B.Cu (PgDn)
PANGO:F.Adhesive
PANGO:B.Adhesive
PANGO:F.Paste
PANGO:B.Paste
PANGO:F.Silkscreen
PANGO:B.Silkscreen
PANGO:F.Mask
PANGO:B.Mask
PANGO:User.Drawings
PANGO:User.Comments
PANGO:User.Eco1
PANGO:User.Eco2
PANGO:Edge.Cuts
PANGO:Margin
PANGO:F.Courtyard
PANGO:B.Courtyard
PANGO:F.Fab
PANGO:B.Fab
PANGO:User.1
PANGO:User.2
PANGO:User.3
PANGO:User.4
PANGO:Appearance
PANGO:Selection Filter
PANGO:Pads
PANGO:0
PANGO:Vias
PANGO:0
PANGO:Track Segments
PANGO:0
PANGO:Nets
PANGO:0
PANGO:Unrouted
PANGO:0
PANGO:Track: use netclass width
PANGO:Via: use netclass sizes
PANGO:F.Cu (PgUp)
PANGO:Layer Display Options
PANGO:---
PANGO:Z 0.16
PANGO:X 0.0000  Y 0.0000
PANGO:dx 0.0000  dy 0.0000  dist 0.0000
PANGO:grid 0.5000
PANGO:mm
PANGO:Appearance
PANGO:Selection Filter
PANGO:Track: use netclass width
PANGO:Via: use netclass sizes
PANGO:F.Cu (PgUp)
PANGO:Appearance
PANGO:Selection Filter
PANGO:Appearance
PANGO:Selection Filter
PANGO:Appearance
PANGO:Selection Filter
PANGO:Pads
PANGO:0
PANGO:Vias
PANGO:0
PANGO:Track Segments
PANGO:0
PANGO:Nets
PANGO:0
PANGO:Unrouted
PANGO:0
PANGO:Track: use netclass width
PANGO:Via: use netclass sizes
PANGO:F.Cu (PgUp)
PANGO:Layer Display Options
PANGO:---
PANGO:Z 0.16
PANGO:X 0.0000  Y 0.0000
PANGO:dx 0.0000  dy 0.0000  dist 0.0000
PANGO:grid 0.5000
PANGO:mm
PANGO:Appearance
PANGO:Selection Filter
PANGO:Appearance
PANGO:Selection Filter
PANGO:Track: use netclass width
PANGO:Via: use netclass sizes
PANGO:F.Cu (PgUp)
PANGO:Appearance
PANGO:Selection Filter
PANGO:Appearance
PANGO:Selection Filter
PANGO:Appearance
PANGO:Selection Filter
PANGO:Layer Display Options
PANGO:Track: use netclass width
PANGO:---
PANGO:Edit Pre-defined Sizes...
PANGO:Track: use netclass width
PANGO:---
PANGO:Edit Pre-defined Sizes...
PANGO:Via: use netclass sizes
PANGO:---
PANGO:Edit Pre-defined Sizes...
PANGO:Via: use netclass sizes
PANGO:---
PANGO:Edit Pre-defined Sizes...
PANGO:F.Cu (PgUp)
PANGO:B.Cu (PgDn)
PANGO:F.Adhesive
PANGO:B.Adhesive
PANGO:F.Paste
PANGO:B.Paste
PANGO:F.Silkscreen
PANGO:B.Silkscreen
PANGO:F.Mask
PANGO:B.Mask
PANGO:User.Drawings
PANGO:User.Comments
PANGO:User.Eco1
PANGO:User.Eco2
PANGO:Edge.Cuts
PANGO:Margin
PANGO:F.Courtyard
PANGO:B.Courtyard
PANGO:F.Fab
PANGO:B.Fab
PANGO:User.1
PANGO:User.2
PANGO:User.3
PANGO:User.4
PANGO:F.Cu (PgUp)
PANGO:B.Cu (PgDn)
PANGO:F.Adhesive
PANGO:B.Adhesive
PANGO:F.Paste
PANGO:B.Paste
PANGO:F.Silkscreen
PANGO:B.Silkscreen
PANGO:F.Mask
PANGO:B.Mask
PANGO:User.Drawings
PANGO:User.Comments
PANGO:User.Eco1
PANGO:User.Eco2
PANGO:Edge.Cuts
PANGO:Margin
PANGO:F.Courtyard
PANGO:B.Courtyard
PANGO:F.Fab
PANGO:B.Fab
PANGO:User.1
PANGO:User.2
PANGO:User.3
PANGO:User.4
PANGO:25.4000 mm (1000.00 mils)
PANGO:12.7000 mm (500.00 mils)
PANGO:6.3500 mm (250.00 mils)
PANGO:5.0800 mm (200.00 mils)
PANGO:2.5400 mm (100.00 mils)
PANGO:1.2700 mm (50.00 mils)
PANGO:0.6350 mm (25.00 mils)
PANGO:0.5080 mm (20.00 mils)
PANGO:0.2540 mm (10.00 mils)
PANGO:0.1270 mm (5.00 mils)
PANGO:0.0508 mm (2.00 mils)
PANGO:0.0254 mm (1.00 mils)
PANGO:5.0000 mm (196.85 mils)
PANGO:2.5000 mm (98.43 mils)
PANGO:1.0000 mm (39.37 mils)
PANGO:0.5000 mm (19.69 mils)
PANGO:0.2500 mm (9.84 mils)
PANGO:0.2000 mm (7.87 mils)
PANGO:0.1000 mm (3.94 mils)
PANGO:0.0500 mm (1.97 mils)
PANGO:0.0250 mm (0.98 mils)
PANGO:0.0100 mm (0.39 mils)
PANGO:---
PANGO:Edit Grids...
PANGO:25.4000 mm (1000.00 mils)
PANGO:12.7000 mm (500.00 mils)
PANGO:6.3500 mm (250.00 mils)
PANGO:5.0800 mm (200.00 mils)
PANGO:2.5400 mm (100.00 mils)
PANGO:1.2700 mm (50.00 mils)
PANGO:0.6350 mm (25.00 mils)
PANGO:0.5080 mm (20.00 mils)
PANGO:0.2540 mm (10.00 mils)
PANGO:0.1270 mm (5.00 mils)
PANGO:0.0508 mm (2.00 mils)
PANGO:0.0254 mm (1.00 mils)
PANGO:5.0000 mm (196.85 mils)
PANGO:2.5000 mm (98.43 mils)
PANGO:1.0000 mm (39.37 mils)
PANGO:0.5000 mm (19.69 mils)
PANGO:0.2500 mm (9.84 mils)
PANGO:0.2000 mm (7.87 mils)
PANGO:0.1000 mm (3.94 mils)
PANGO:0.0500 mm (1.97 mils)
PANGO:0.0250 mm (0.98 mils)
PANGO:0.0100 mm (0.39 mils)
PANGO:---
PANGO:Edit Grids...
PANGO:Zoom Auto
PANGO:Zoom 0.13
PANGO:Zoom 0.22
PANGO:Zoom 0.35
PANGO:Zoom 0.60
PANGO:Zoom 1.00
PANGO:Zoom 1.50
PANGO:Zoom 2.20
PANGO:Zoom 3.50
PANGO:Zoom 5.00
PANGO:Zoom 8.00
PANGO:Zoom 13.00
PANGO:Zoom 20.00
PANGO:Zoom 35.00
PANGO:Zoom 50.00
PANGO:Zoom 80.00
PANGO:Zoom 130.00
PANGO:Zoom 220.00
PANGO:Zoom 300.00
PANGO:Zoom Auto
PANGO:Zoom 0.13
PANGO:Zoom 0.22
PANGO:Zoom 0.35
PANGO:Zoom 0.60
PANGO:Zoom 1.00
PANGO:Zoom 1.50
PANGO:Zoom 2.20
PANGO:Zoom 3.50
PANGO:Zoom 5.00
PANGO:Zoom 8.00
PANGO:Zoom 13.00
PANGO:Zoom 20.00
PANGO:Zoom 35.00
PANGO:Zoom 50.00
PANGO:Zoom 80.00
PANGO:Zoom 130.00
PANGO:Zoom 220.00
PANGO:Zoom 300.00
PANGO:All Copper Layers
PANGO:All Layers
PANGO:Back Assembly View
PANGO:Back Layers
PANGO:Front Assembly View
PANGO:Front Layers
PANGO:Inner Copper Layers
PANGO:No Layers
PANGO:---
PANGO:Save preset...
PANGO:Delete preset...
PANGO:All Copper Layers
PANGO:All Layers
PANGO:Back Assembly View
PANGO:Back Layers
PANGO:Front Assembly View
PANGO:Front Layers
PANGO:Inner Copper Layers
PANGO:No Layers
PANGO:---
PANGO:Save preset...
PANGO:Delete preset...
PANGO:---
PANGO:Save viewport...
PANGO:Delete viewport...
PANGO:---
PANGO:Save viewport...
PANGO:Delete viewport...
PANGO:Track: use netclass width
PANGO:---
PANGO:Edit Pre-defined Sizes...
PANGO:Track: use netclass width
PANGO:---
PANGO:Edit Pre-defined Sizes...
PANGO:Via: use netclass sizes
PANGO:---
PANGO:Edit Pre-defined Sizes...
PANGO:Via: use netclass sizes
PANGO:---
PANGO:Edit Pre-defined Sizes...
PANGO:F.Cu (PgUp)
PANGO:B.Cu (PgDn)
PANGO:F.Adhesive
PANGO:B.Adhesive
PANGO:F.Paste
PANGO:B.Paste
PANGO:F.Silkscreen
PANGO:B.Silkscreen
PANGO:F.Mask
PANGO:B.Mask
PANGO:User.Drawings
PANGO:User.Comments
PANGO:User.Eco1
PANGO:User.Eco2
PANGO:Edge.Cuts
PANGO:Margin
PANGO:F.Courtyard
PANGO:B.Courtyard
PANGO:F.Fab
PANGO:B.Fab
PANGO:User.1
PANGO:User.2
PANGO:User.3
PANGO:User.4
PANGO:F.Cu (PgUp)
PANGO:B.Cu (PgDn)
PANGO:F.Adhesive
PANGO:B.Adhesive
PANGO:F.Paste
PANGO:B.Paste
PANGO:F.Silkscreen
PANGO:B.Silkscreen
PANGO:F.Mask
PANGO:B.Mask
PANGO:User.Drawings
PANGO:User.Comments
PANGO:User.Eco1
PANGO:User.Eco2
PANGO:Edge.Cuts
PANGO:Margin
PANGO:F.Courtyard
PANGO:B.Courtyard
PANGO:F.Fab
PANGO:B.Fab
PANGO:User.1
PANGO:User.2
PANGO:User.3
PANGO:User.4
PANGO:All Copper Layers
PANGO:All Layers
PANGO:Back Assembly View
PANGO:Back Layers
PANGO:Front Assembly View
PANGO:Front Layers
PANGO:Inner Copper Layers
PANGO:No Layers
PANGO:---
PANGO:Save preset...
PANGO:Delete preset...
PANGO:All Copper Layers
PANGO:All Layers
PANGO:Back Assembly View
PANGO:Back Layers
PANGO:Front Assembly View
PANGO:Front Layers
PANGO:Inner Copper Layers
PANGO:No Layers
PANGO:---
PANGO:Save preset...
PANGO:Delete preset...
PANGO:---
PANGO:Save viewport...
PANGO:Delete viewport...
PANGO:---
PANGO:Save viewport...
PANGO:Delete viewport...
PANGO:Appearance
PANGO:Selection Filter
PANGO:Track: use netclass width
PANGO:Via: use netclass sizes
PANGO:F.Cu (PgUp)
PANGO:Layer Display Options
PANGO:---
IO:open:/project/baumsatz/~kibot_s3l1wiuw.kicad_pcb.lck
IO:open64:0x1B6
IO:open:/project/baumsatz/~kibot_s3l1wiuw.kicad_pcb.lck
IO:open64:0x1B6
IO:close:/project/baumsatz/~kibot_s3l1wiuw.kicad_pcb.lck
IO:open:/project/baumsatz/~kibot_s3l1wiuw.kicad_pcb.lck
IO:open64:0x1B6
IO:close:/project/baumsatz/~kibot_s3l1wiuw.kicad_pcb.lck
GTK:Window Title:Loading PCB
KiAuto:match
KiAuto:Waiting for `['GTK:Window Title:', 'PANGO:0:']` starts=True times=1
GTK:Label Set Text 2: 
PANGO: 
GTK:Label Set Text 2:Elapsed time:
PANGO:Elapsed time:
GTK:Label Set Text 2:unknown
PANGO:unknown
* wrapping button label
GTK:Button Label:gtk-cancel
PANGO:Cancel
PANGO: 
PANGO:Elapsed time:
PANGO:unknown
PANGO: 
PANGO:Elapsed time:
PANGO:unknown
GTK:Window Show:Loading PCB
GTK:Label Set Text 2:0:00:00
PANGO:0:00:00
KiAuto:match
KiAuto:Waiting for `['GTK:Window Title:', 'PANGO:0:']` starts=True times=1
IO:open:/project/baumsatz/kibot_s3l1wiuw.kicad_pcb
IO:fopen64:rt
IO:close:/project/baumsatz/kibot_s3l1wiuw.kicad_pcb
IO:open:/project/baumsatz/~kibot_s3l1wiuw.kicad_pro.lck
IO:open64:0x1B6
IO:close:/project/baumsatz/~kibot_s3l1wiuw.kicad_pro.lck
IO:open:/project/baumsatz/kibot_s3l1wiuw.kicad_pro
IO:fopen64:rt
IO:close:/project/baumsatz/kibot_s3l1wiuw.kicad_pro
IO:open:/project/baumsatz/kibot_s3l1wiuw.kicad_prl
IO:fopen64:rt
IO:close:/project/baumsatz/kibot_s3l1wiuw.kicad_prl
IO:open:/project/baumsatz/~kibot_s3l1wiuw.kicad_pro.lck
IO:open64:0x1B6
IO:close:/project/baumsatz/~kibot_s3l1wiuw.kicad_pro.lck
GTK:Window Title:Report
KiAuto:match
KiAuto:Waiting for `['GTK:Window Title:', 'PANGO:0:']` starts=True times=1
PANGO:H
GTK:Button Label:gtk-ok
PANGO:OK
IO:open:/project/baumsatz/kibot_s3l1wiuw.kicad_pcb
IO:fopen64:rt
PANGO:Loading /project/baumsatz/kibot_s3l1wiuw.kicad_pcb...
PANGO:Track: use netclass width
PANGO:---
PANGO:Edit Pre-defined Sizes...
PANGO:Track: use netclass width
PANGO:---
PANGO:Edit Pre-defined Sizes...
PANGO:Via: use netclass sizes
PANGO:---
PANGO:Edit Pre-defined Sizes...
PANGO:Via: use netclass sizes
PANGO:---
PANGO:Edit Pre-defined Sizes...
PANGO:F.Cu (PgUp)
PANGO:B.Cu (PgDn)
PANGO:F.Adhesive
PANGO:B.Adhesive
PANGO:F.Paste
PANGO:B.Paste
PANGO:F.Silkscreen
PANGO:B.Silkscreen
PANGO:F.Mask
PANGO:B.Mask
PANGO:User.Drawings
PANGO:User.Comments
PANGO:User.Eco1
PANGO:User.Eco2
PANGO:Edge.Cuts
PANGO:Margin
PANGO:F.Courtyard
PANGO:B.Courtyard
PANGO:F.Fab
PANGO:B.Fab
PANGO:User.1
PANGO:User.2
PANGO:User.3
PANGO:User.4
PANGO:F.Cu (PgUp)
PANGO:B.Cu (PgDn)
PANGO:F.Adhesive
PANGO:B.Adhesive
PANGO:F.Paste
PANGO:B.Paste
PANGO:F.Silkscreen
PANGO:B.Silkscreen
PANGO:F.Mask
PANGO:B.Mask
PANGO:User.Drawings
PANGO:User.Comments
PANGO:User.Eco1
PANGO:User.Eco2
PANGO:Edge.Cuts
PANGO:Margin
PANGO:F.Courtyard
PANGO:B.Courtyard
PANGO:F.Fab
PANGO:B.Fab
PANGO:User.1
PANGO:User.2
PANGO:User.3
PANGO:User.4
PANGO:25.4000 mm (1000.00 mils)
PANGO:12.7000 mm (500.00 mils)
PANGO:6.3500 mm (250.00 mils)
PANGO:5.0800 mm (200.00 mils)
PANGO:2.5400 mm (100.00 mils)
PANGO:1.2700 mm (50.00 mils)
PANGO:0.6350 mm (25.00 mils)
PANGO:0.5080 mm (20.00 mils)
PANGO:0.2540 mm (10.00 mils)
PANGO:0.1270 mm (5.00 mils)
PANGO:0.0508 mm (2.00 mils)
PANGO:0.0254 mm (1.00 mils)
PANGO:5.0000 mm (196.85 mils)
PANGO:2.5000 mm (98.43 mils)
PANGO:1.0000 mm (39.37 mils)
PANGO:0.5000 mm (19.69 mils)
PANGO:0.2500 mm (9.84 mils)
PANGO:0.2000 mm (7.87 mils)
PANGO:0.1000 mm (3.94 mils)
PANGO:0.0500 mm (1.97 mils)
PANGO:0.0250 mm (0.98 mils)
PANGO:0.0100 mm (0.39 mils)
PANGO:---
PANGO:Edit Grids...
PANGO:25.4000 mm (1000.00 mils)
PANGO:12.7000 mm (500.00 mils)
PANGO:6.3500 mm (250.00 mils)
PANGO:5.0800 mm (200.00 mils)
PANGO:2.5400 mm (100.00 mils)
PANGO:1.2700 mm (50.00 mils)
PANGO:0.6350 mm (25.00 mils)
PANGO:0.5080 mm (20.00 mils)
PANGO:0.2540 mm (10.00 mils)
PANGO:0.1270 mm (5.00 mils)
PANGO:0.0508 mm (2.00 mils)
PANGO:0.0254 mm (1.00 mils)
PANGO:5.0000 mm (196.85 mils)
PANGO:2.5000 mm (98.43 mils)
PANGO:1.0000 mm (39.37 mils)
PANGO:0.5000 mm (19.69 mils)
PANGO:0.2500 mm (9.84 mils)
PANGO:0.2000 mm (7.87 mils)
PANGO:0.1000 mm (3.94 mils)
PANGO:0.0500 mm (1.97 mils)
PANGO:0.0250 mm (0.98 mils)
PANGO:0.0100 mm (0.39 mils)
PANGO:---
PANGO:Edit Grids...
PANGO:Zoom Auto
PANGO:Zoom 0.13
PANGO:Zoom 0.22
PANGO:Zoom 0.35
PANGO:Zoom 0.60
PANGO:Zoom 1.00
PANGO:Zoom 1.50
PANGO:Zoom 2.20
PANGO:Zoom 3.50
PANGO:Zoom 5.00
PANGO:Zoom 8.00
PANGO:Zoom 13.00
PANGO:Zoom 20.00
PANGO:Zoom 35.00
PANGO:Zoom 50.00
PANGO:Zoom 80.00
PANGO:Zoom 130.00
PANGO:Zoom 220.00
PANGO:Zoom 300.00
PANGO:Zoom Auto
PANGO:Zoom 0.13
PANGO:Zoom 0.22
PANGO:Zoom 0.35
PANGO:Zoom 0.60
PANGO:Zoom 1.00
PANGO:Zoom 1.50
PANGO:Zoom 2.20
PANGO:Zoom 3.50
PANGO:Zoom 5.00
PANGO:Zoom 8.00
PANGO:Zoom 13.00
PANGO:Zoom 20.00
PANGO:Zoom 35.00
PANGO:Zoom 50.00
PANGO:Zoom 80.00
PANGO:Zoom 130.00
PANGO:Zoom 220.00
PANGO:Zoom 300.00
PANGO:All Copper Layers
PANGO:All Layers
PANGO:Back Assembly View
PANGO:Back Layers
PANGO:Front Assembly View
PANGO:Front Layers
PANGO:Inner Copper Layers
PANGO:No Layers
PANGO:---
PANGO:Save preset...
PANGO:Delete preset...
PANGO:All Copper Layers
PANGO:All Layers
PANGO:Back Assembly View
PANGO:Back Layers
PANGO:Front Assembly View
PANGO:Front Layers
PANGO:Inner Copper Layers
PANGO:No Layers
PANGO:---
PANGO:Save preset...
PANGO:Delete preset...
PANGO:---
PANGO:Save viewport...
PANGO:Delete viewport...
PANGO:---
PANGO:Save viewport...
PANGO:Delete viewport...
PANGO:Track: use netclass width
PANGO:---
PANGO:Edit Pre-defined Sizes...
PANGO:Track: use netclass width
PANGO:---
PANGO:Edit Pre-defined Sizes...
PANGO:Via: use netclass sizes
PANGO:---
PANGO:Edit Pre-defined Sizes...
PANGO:Via: use netclass sizes
PANGO:---
PANGO:Edit Pre-defined Sizes...
PANGO:F.Cu (PgUp)
PANGO:B.Cu (PgDn)
PANGO:F.Adhesive
PANGO:B.Adhesive
PANGO:F.Paste
PANGO:B.Paste
PANGO:F.Silkscreen
PANGO:B.Silkscreen
PANGO:F.Mask
PANGO:B.Mask
PANGO:User.Drawings
PANGO:User.Comments
PANGO:User.Eco1
PANGO:User.Eco2
PANGO:Edge.Cuts
PANGO:Margin
PANGO:F.Courtyard
PANGO:B.Courtyard
PANGO:F.Fab
PANGO:B.Fab
PANGO:User.1
PANGO:User.2
PANGO:User.3
PANGO:User.4
PANGO:F.Cu (PgUp)
PANGO:B.Cu (PgDn)
PANGO:F.Adhesive
PANGO:B.Adhesive
PANGO:F.Paste
PANGO:B.Paste
PANGO:F.Silkscreen
PANGO:B.Silkscreen
PANGO:F.Mask
PANGO:B.Mask
PANGO:User.Drawings
PANGO:User.Comments
PANGO:User.Eco1
PANGO:User.Eco2
PANGO:Edge.Cuts
PANGO:Margin
PANGO:F.Courtyard
PANGO:B.Courtyard
PANGO:F.Fab
PANGO:B.Fab
PANGO:User.1
PANGO:User.2
PANGO:User.3
PANGO:User.4
PANGO:All Copper Layers
PANGO:All Layers
PANGO:Back Assembly View
PANGO:Back Layers
PANGO:Front Assembly View
PANGO:Front Layers
PANGO:Inner Copper Layers
PANGO:No Layers
PANGO:---
PANGO:Save preset...
PANGO:Delete preset...
PANGO:All Copper Layers
PANGO:All Layers
PANGO:Back Assembly View
PANGO:Back Layers
PANGO:Front Assembly View
PANGO:Front Layers
PANGO:Inner Copper Layers
PANGO:No Layers
PANGO:---
PANGO:Save preset...
PANGO:Delete preset...
PANGO:---
PANGO:Save viewport...
PANGO:Delete viewport...
PANGO:---
PANGO:Save viewport...
PANGO:Delete viewport...
PANGO:Appearance
PANGO:Selection Filter
PANGO:Pads
PANGO:0
PANGO:Vias
PANGO:0
PANGO:Track Segments
PANGO:0
PANGO:Nets
PANGO:0
PANGO:Unrouted
PANGO:0
PANGO:Track: use netclass width
PANGO:Via: use netclass sizes
PANGO:F.Cu (PgUp)
PANGO:Layer Display Options
PANGO:---
PANGO:Z 0.16
PANGO:X 0.0000  Y 0.0000
PANGO:dx 0.0000  dy 0.0000  dist 0.0000
PANGO:grid 0.5000
PANGO:mm
PANGO: 
PANGO:Elapsed time:
PANGO:0:00:00
KiAuto:match
KiAuto:Waiting for `['GTK:Window Title:', 'PANGO:0:']` starts=True times=1
PANGO:Cancel
PANGO:0:00:00
KiAuto:match
KiAuto:Waiting for `['GTK:Window Title:', 'PANGO:0:']` starts=True times=1
PANGO:Track: use netclass width
PANGO:---
PANGO:Edit Pre-defined Sizes...
PANGO:Track: use netclass width
PANGO:---
PANGO:Edit Pre-defined Sizes...
PANGO:Via: use netclass sizes
PANGO:---
PANGO:Edit Pre-defined Sizes...
PANGO:Via: use netclass sizes
PANGO:---
PANGO:Edit Pre-defined Sizes...
PANGO:F.Cu (PgUp)
PANGO:B.Cu (PgDn)
PANGO:F.Adhesive
PANGO:B.Adhesive
PANGO:F.Paste
PANGO:B.Paste
PANGO:F.Silkscreen
PANGO:B.Silkscreen
PANGO:F.Mask
PANGO:B.Mask
PANGO:User.Drawings
PANGO:User.Comments
PANGO:User.Eco1
PANGO:User.Eco2
PANGO:Edge.Cuts
PANGO:Margin
PANGO:F.Courtyard
PANGO:B.Courtyard
PANGO:F.Fab
PANGO:B.Fab
PANGO:User.1
PANGO:User.2
PANGO:User.3
PANGO:User.4
PANGO:F.Cu (PgUp)
PANGO:B.Cu (PgDn)
PANGO:F.Adhesive
PANGO:B.Adhesive
PANGO:F.Paste
PANGO:B.Paste
PANGO:F.Silkscreen
PANGO:B.Silkscreen
PANGO:F.Mask
PANGO:B.Mask
PANGO:User.Drawings
PANGO:User.Comments
PANGO:User.Eco1
PANGO:User.Eco2
PANGO:Edge.Cuts
PANGO:Margin
PANGO:F.Courtyard
PANGO:B.Courtyard
PANGO:F.Fab
PANGO:B.Fab
PANGO:User.1
PANGO:User.2
PANGO:User.3
PANGO:User.4
PANGO:25.4000 mm (1000.00 mils)
PANGO:12.7000 mm (500.00 mils)
PANGO:6.3500 mm (250.00 mils)
PANGO:5.0800 mm (200.00 mils)
PANGO:2.5400 mm (100.00 mils)
PANGO:1.2700 mm (50.00 mils)
PANGO:0.6350 mm (25.00 mils)
PANGO:0.5080 mm (20.00 mils)
PANGO:0.2540 mm (10.00 mils)
PANGO:0.1270 mm (5.00 mils)
PANGO:0.0508 mm (2.00 mils)
PANGO:0.0254 mm (1.00 mils)
PANGO:5.0000 mm (196.85 mils)
PANGO:2.5000 mm (98.43 mils)
PANGO:1.0000 mm (39.37 mils)
PANGO:0.5000 mm (19.69 mils)
PANGO:0.2500 mm (9.84 mils)
PANGO:0.2000 mm (7.87 mils)
PANGO:0.1000 mm (3.94 mils)
PANGO:0.0500 mm (1.97 mils)
PANGO:0.0250 mm (0.98 mils)
PANGO:0.0100 mm (0.39 mils)
PANGO:---
PANGO:Edit Grids...
PANGO:25.4000 mm (1000.00 mils)
PANGO:12.7000 mm (500.00 mils)
PANGO:6.3500 mm (250.00 mils)
PANGO:5.0800 mm (200.00 mils)
PANGO:2.5400 mm (100.00 mils)
PANGO:1.2700 mm (50.00 mils)
PANGO:0.6350 mm (25.00 mils)
PANGO:0.5080 mm (20.00 mils)
PANGO:0.2540 mm (10.00 mils)
PANGO:0.1270 mm (5.00 mils)
PANGO:0.0508 mm (2.00 mils)
PANGO:0.0254 mm (1.00 mils)
PANGO:5.0000 mm (196.85 mils)
PANGO:2.5000 mm (98.43 mils)
PANGO:1.0000 mm (39.37 mils)
PANGO:0.5000 mm (19.69 mils)
PANGO:0.2500 mm (9.84 mils)
PANGO:0.2000 mm (7.87 mils)
PANGO:0.1000 mm (3.94 mils)
PANGO:0.0500 mm (1.97 mils)
PANGO:0.0250 mm (0.98 mils)
PANGO:0.0100 mm (0.39 mils)
PANGO:---
PANGO:Edit Grids...
PANGO:Zoom Auto
PANGO:Zoom 0.13
PANGO:Zoom 0.22
PANGO:Zoom 0.35
PANGO:Zoom 0.60
PANGO:Zoom 1.00
PANGO:Zoom 1.50
PANGO:Zoom 2.20
PANGO:Zoom 3.50
PANGO:Zoom 5.00
PANGO:Zoom 8.00
PANGO:Zoom 13.00
PANGO:Zoom 20.00
PANGO:Zoom 35.00
PANGO:Zoom 50.00
PANGO:Zoom 80.00
PANGO:Zoom 130.00
PANGO:Zoom 220.00
PANGO:Zoom 300.00
PANGO:Zoom Auto
PANGO:Zoom 0.13
PANGO:Zoom 0.22
PANGO:Zoom 0.35
PANGO:Zoom 0.60
PANGO:Zoom 1.00
PANGO:Zoom 1.50
PANGO:Zoom 2.20
PANGO:Zoom 3.50
PANGO:Zoom 5.00
PANGO:Zoom 8.00
PANGO:Zoom 13.00
PANGO:Zoom 20.00
PANGO:Zoom 35.00
PANGO:Zoom 50.00
PANGO:Zoom 80.00
PANGO:Zoom 130.00
PANGO:Zoom 220.00
PANGO:Zoom 300.00
PANGO:All Copper Layers
PANGO:All Layers
PANGO:Back Assembly View
PANGO:Back Layers
PANGO:Front Assembly View
PANGO:Front Layers
PANGO:Inner Copper Layers
PANGO:No Layers
PANGO:---
PANGO:Save preset...
PANGO:Delete preset...
PANGO:All Copper Layers
PANGO:All Layers
PANGO:Back Assembly View
PANGO:Back Layers
PANGO:Front Assembly View
PANGO:Front Layers
PANGO:Inner Copper Layers
PANGO:No Layers
PANGO:---
PANGO:Save preset...
PANGO:Delete preset...
PANGO:---
PANGO:Save viewport...
PANGO:Delete viewport...
PANGO:---
PANGO:Save viewport...
PANGO:Delete viewport...
PANGO:Track: use netclass width
PANGO:---
PANGO:Edit Pre-defined Sizes...
PANGO:Track: use netclass width
PANGO:---
PANGO:Edit Pre-defined Sizes...
PANGO:Via: use netclass sizes
PANGO:---
PANGO:Edit Pre-defined Sizes...
PANGO:Via: use netclass sizes
PANGO:---
PANGO:Edit Pre-defined Sizes...
PANGO:F.Cu (PgUp)
PANGO:B.Cu (PgDn)
PANGO:F.Adhesive
PANGO:B.Adhesive
PANGO:F.Paste
PANGO:B.Paste
PANGO:F.Silkscreen
PANGO:B.Silkscreen
PANGO:F.Mask
PANGO:B.Mask
PANGO:User.Drawings
PANGO:User.Comments
PANGO:User.Eco1
PANGO:User.Eco2
PANGO:Edge.Cuts
PANGO:Margin
PANGO:F.Courtyard
PANGO:B.Courtyard
PANGO:F.Fab
PANGO:B.Fab
PANGO:User.1
PANGO:User.2
PANGO:User.3
PANGO:User.4
PANGO:F.Cu (PgUp)
PANGO:B.Cu (PgDn)
PANGO:F.Adhesive
PANGO:B.Adhesive
PANGO:F.Paste
PANGO:B.Paste
PANGO:F.Silkscreen
PANGO:B.Silkscreen
PANGO:F.Mask
PANGO:B.Mask
PANGO:User.Drawings
PANGO:User.Comments
PANGO:User.Eco1
PANGO:User.Eco2
PANGO:Edge.Cuts
PANGO:Margin
PANGO:F.Courtyard
PANGO:B.Courtyard
PANGO:F.Fab
PANGO:B.Fab
PANGO:User.1
PANGO:User.2
PANGO:User.3
PANGO:User.4
PANGO:All Copper Layers
PANGO:All Layers
PANGO:Back Assembly View
PANGO:Back Layers
PANGO:Front Assembly View
PANGO:Front Layers
PANGO:Inner Copper Layers
PANGO:No Layers
PANGO:---
PANGO:Save preset...
PANGO:Delete preset...
PANGO:All Copper Layers
PANGO:All Layers
PANGO:Back Assembly View
PANGO:Back Layers
PANGO:Front Assembly View
PANGO:Front Layers
PANGO:Inner Copper Layers
PANGO:No Layers
PANGO:---
PANGO:Save preset...
PANGO:Delete preset...
PANGO:---
PANGO:Save viewport...
PANGO:Delete viewport...
PANGO:---
PANGO:Save viewport...
PANGO:Delete viewport...
PANGO:Appearance
PANGO:Selection Filter
PANGO:Track: use netclass width
PANGO:Via: use netclass sizes
PANGO:F.Cu (PgUp)
PANGO:Layer Display Options
PANGO:---
GTK:Label Set Text 2:Loading /project/baumsatz/kibot__s3l1wiuw.kicad__pcb...
PANGO:Loading /project/baumsatz/kibot_s3l1wiuw.kicad_pcb...
IO:close:/project/baumsatz/kibot_s3l1wiuw.kicad_pcb
IO:open:/project/baumsatz/fp-info-cache
IO:open64:0x1B6
IO:close:/project/baumsatz/fp-info-cache
GTK:Window Destroy:Report
GTK:Label Set Text 2: 
GTK:Label Set Text 2:_1 kibot__s3l1wiuw.kicad__pcb
IO:open:/root/.local/share/recently-used.xbel
IO:open64:0x397DE460
IO:close:/root/.local/share/recently-used.xbel
GTK:Label Set Text 2:Clear Recent Files
PANGO:Updating nets...
PANGO:Track: use netclass width
PANGO:---
PANGO:Edit Pre-defined Sizes...
PANGO:Track: use netclass width
PANGO:---
PANGO:Edit Pre-defined Sizes...
PANGO:Via: use netclass sizes
PANGO:---
PANGO:Edit Pre-defined Sizes...
PANGO:Via: use netclass sizes
PANGO:---
PANGO:Edit Pre-defined Sizes...
PANGO:F.Cu (PgUp)
PANGO:B.Cu (PgDn)
PANGO:F.Adhesive
PANGO:B.Adhesive
PANGO:F.Paste
PANGO:B.Paste
PANGO:F.Silkscreen
PANGO:B.Silkscreen
PANGO:F.Mask
PANGO:B.Mask
PANGO:User.Drawings
PANGO:User.Comments
PANGO:User.Eco1
PANGO:User.Eco2
PANGO:Edge.Cuts
PANGO:Margin
PANGO:F.Courtyard
PANGO:B.Courtyard
PANGO:F.Fab
PANGO:B.Fab
PANGO:User.1
PANGO:User.2
PANGO:User.3
PANGO:User.4
PANGO:F.Cu (PgUp)
PANGO:B.Cu (PgDn)
PANGO:F.Adhesive
PANGO:B.Adhesive
PANGO:F.Paste
PANGO:B.Paste
PANGO:F.Silkscreen
PANGO:B.Silkscreen
PANGO:F.Mask
PANGO:B.Mask
PANGO:User.Drawings
PANGO:User.Comments
PANGO:User.Eco1
PANGO:User.Eco2
PANGO:Edge.Cuts
PANGO:Margin
PANGO:F.Courtyard
PANGO:B.Courtyard
PANGO:F.Fab
PANGO:B.Fab
PANGO:User.1
PANGO:User.2
PANGO:User.3
PANGO:User.4
PANGO:25.4000 mm (1000.00 mils)
PANGO:12.7000 mm (500.00 mils)
PANGO:6.3500 mm (250.00 mils)
PANGO:5.0800 mm (200.00 mils)
PANGO:2.5400 mm (100.00 mils)
PANGO:1.2700 mm (50.00 mils)
PANGO:0.6350 mm (25.00 mils)
PANGO:0.5080 mm (20.00 mils)
PANGO:0.2540 mm (10.00 mils)
PANGO:0.1270 mm (5.00 mils)
PANGO:0.0508 mm (2.00 mils)
PANGO:0.0254 mm (1.00 mils)
PANGO:5.0000 mm (196.85 mils)
PANGO:2.5000 mm (98.43 mils)
PANGO:1.0000 mm (39.37 mils)
PANGO:0.5000 mm (19.69 mils)
PANGO:0.2500 mm (9.84 mils)
PANGO:0.2000 mm (7.87 mils)
PANGO:0.1000 mm (3.94 mils)
PANGO:0.0500 mm (1.97 mils)
PANGO:0.0250 mm (0.98 mils)
PANGO:0.0100 mm (0.39 mils)
PANGO:---
PANGO:Edit Grids...
PANGO:25.4000 mm (1000.00 mils)
PANGO:12.7000 mm (500.00 mils)
PANGO:6.3500 mm (250.00 mils)
PANGO:5.0800 mm (200.00 mils)
PANGO:2.5400 mm (100.00 mils)
PANGO:1.2700 mm (50.00 mils)
PANGO:0.6350 mm (25.00 mils)
PANGO:0.5080 mm (20.00 mils)
PANGO:0.2540 mm (10.00 mils)
PANGO:0.1270 mm (5.00 mils)
PANGO:0.0508 mm (2.00 mils)
PANGO:0.0254 mm (1.00 mils)
PANGO:5.0000 mm (196.85 mils)
PANGO:2.5000 mm (98.43 mils)
PANGO:1.0000 mm (39.37 mils)
PANGO:0.5000 mm (19.69 mils)
PANGO:0.2500 mm (9.84 mils)
PANGO:0.2000 mm (7.87 mils)
PANGO:0.1000 mm (3.94 mils)
PANGO:0.0500 mm (1.97 mils)
PANGO:0.0250 mm (0.98 mils)
PANGO:0.0100 mm (0.39 mils)
PANGO:---
PANGO:Edit Grids...
PANGO:Zoom Auto
PANGO:Zoom 0.13
PANGO:Zoom 0.22
PANGO:Zoom 0.35
PANGO:Zoom 0.60
PANGO:Zoom 1.00
PANGO:Zoom 1.50
PANGO:Zoom 2.20
PANGO:Zoom 3.50
PANGO:Zoom 5.00
PANGO:Zoom 8.00
PANGO:Zoom 13.00
PANGO:Zoom 20.00
PANGO:Zoom 35.00
PANGO:Zoom 50.00
PANGO:Zoom 80.00
PANGO:Zoom 130.00
PANGO:Zoom 220.00
PANGO:Zoom 300.00
PANGO:Zoom Auto
PANGO:Zoom 0.13
PANGO:Zoom 0.22
PANGO:Zoom 0.35
PANGO:Zoom 0.60
PANGO:Zoom 1.00
PANGO:Zoom 1.50
PANGO:Zoom 2.20
PANGO:Zoom 3.50
PANGO:Zoom 5.00
PANGO:Zoom 8.00
PANGO:Zoom 13.00
PANGO:Zoom 20.00
PANGO:Zoom 35.00
PANGO:Zoom 50.00
PANGO:Zoom 80.00
PANGO:Zoom 130.00
PANGO:Zoom 220.00
PANGO:Zoom 300.00
PANGO:All Copper Layers
PANGO:All Layers
PANGO:Back Assembly View
PANGO:Back Layers
PANGO:Front Assembly View
PANGO:Front Layers
PANGO:Inner Copper Layers
PANGO:No Layers
PANGO:---
PANGO:Save preset...
PANGO:Delete preset...
PANGO:All Copper Layers
PANGO:All Layers
PANGO:Back Assembly View
PANGO:Back Layers
PANGO:Front Assembly View
PANGO:Front Layers
PANGO:Inner Copper Layers
PANGO:No Layers
PANGO:---
PANGO:Save preset...
PANGO:Delete preset...
PANGO:---
PANGO:Save viewport...
PANGO:Delete viewport...
PANGO:---
PANGO:Save viewport...
PANGO:Delete viewport...
PANGO:Track: use netclass width
PANGO:---
PANGO:Edit Pre-defined Sizes...
PANGO:Track: use netclass width
PANGO:---
PANGO:Edit Pre-defined Sizes...
PANGO:Via: use netclass sizes
PANGO:---
PANGO:Edit Pre-defined Sizes...
PANGO:Via: use netclass sizes
PANGO:---
PANGO:Edit Pre-defined Sizes...
PANGO:F.Cu (PgUp)
PANGO:B.Cu (PgDn)
PANGO:F.Adhesive
PANGO:B.Adhesive
PANGO:F.Paste
PANGO:B.Paste
PANGO:F.Silkscreen
PANGO:B.Silkscreen
PANGO:F.Mask
PANGO:B.Mask
PANGO:User.Drawings
PANGO:User.Comments
PANGO:User.Eco1
PANGO:User.Eco2
PANGO:Edge.Cuts
PANGO:Margin
PANGO:F.Courtyard
PANGO:B.Courtyard
PANGO:F.Fab
PANGO:B.Fab
PANGO:User.1
PANGO:User.2
PANGO:User.3
PANGO:User.4
PANGO:F.Cu (PgUp)
PANGO:B.Cu (PgDn)
PANGO:F.Adhesive
PANGO:B.Adhesive
PANGO:F.Paste
PANGO:B.Paste
PANGO:F.Silkscreen
PANGO:B.Silkscreen
PANGO:F.Mask
PANGO:B.Mask
PANGO:User.Drawings
PANGO:User.Comments
PANGO:User.Eco1
PANGO:User.Eco2
PANGO:Edge.Cuts
PANGO:Margin
PANGO:F.Courtyard
PANGO:B.Courtyard
PANGO:F.Fab
PANGO:B.Fab
PANGO:User.1
PANGO:User.2
PANGO:User.3
PANGO:User.4
PANGO:All Copper Layers
PANGO:All Layers
PANGO:Back Assembly View
PANGO:Back Layers
PANGO:Front Assembly View
PANGO:Front Layers
PANGO:Inner Copper Layers
PANGO:No Layers
PANGO:---
PANGO:Save preset...
PANGO:Delete preset...
PANGO:All Copper Layers
PANGO:All Layers
PANGO:Back Assembly View
PANGO:Back Layers
PANGO:Front Assembly View
PANGO:Front Layers
PANGO:Inner Copper Layers
PANGO:No Layers
PANGO:---
PANGO:Save preset...
PANGO:Delete preset...
PANGO:---
PANGO:Save viewport...
PANGO:Delete viewport...
PANGO:---
PANGO:Save viewport...
PANGO:Delete viewport...
PANGO:Appearance
PANGO:Selection Filter
PANGO:Pads
PANGO:0
PANGO:Vias
PANGO:0
PANGO:Track Segments
PANGO:0
PANGO:Nets
PANGO:0
PANGO:Unrouted
PANGO:0
PANGO:Track: use netclass width
PANGO:Via: use netclass sizes
PANGO:F.Cu (PgUp)
PANGO:Layer Display Options
PANGO:---
PANGO:Z 0.16
PANGO:X 0.0000  Y 0.0000
PANGO:dx 0.0000  dy 0.0000  dist 0.0000
PANGO:grid 0.5000
PANGO:mm
PANGO:Elapsed time:
PANGO:0:00:00
KiAuto:match
KiAuto:Waiting for `['GTK:Window Title:', 'PANGO:0:']` starts=True times=1
PANGO:Loading /project/baumsatz/kibot_s3l1wiuw.kicad_pcb...
PANGO:Track: use netclass width
PANGO:---
PANGO:Edit Pre-defined Sizes...
PANGO:Track: use netclass width
PANGO:---
PANGO:Edit Pre-defined Sizes...
PANGO:Via: use netclass sizes
PANGO:---
PANGO:Edit Pre-defined Sizes...
PANGO:Via: use netclass sizes
PANGO:---
PANGO:Edit Pre-defined Sizes...
PANGO:F.Cu (PgUp)
PANGO:B.Cu (PgDn)
PANGO:F.Adhesive
PANGO:B.Adhesive
PANGO:F.Paste
PANGO:B.Paste
PANGO:F.Silkscreen
PANGO:B.Silkscreen
PANGO:F.Mask
PANGO:B.Mask
PANGO:User.Drawings
PANGO:User.Comments
PANGO:User.Eco1
PANGO:User.Eco2
PANGO:Edge.Cuts
PANGO:Margin
PANGO:F.Courtyard
PANGO:B.Courtyard
PANGO:F.Fab
PANGO:B.Fab
PANGO:User.1
PANGO:User.2
PANGO:User.3
PANGO:User.4
PANGO:F.Cu (PgUp)
PANGO:B.Cu (PgDn)
PANGO:F.Adhesive
PANGO:B.Adhesive
PANGO:F.Paste
PANGO:B.Paste
PANGO:F.Silkscreen
PANGO:B.Silkscreen
PANGO:F.Mask
PANGO:B.Mask
PANGO:User.Drawings
PANGO:User.Comments
PANGO:User.Eco1
PANGO:User.Eco2
PANGO:Edge.Cuts
PANGO:Margin
PANGO:F.Courtyard
PANGO:B.Courtyard
PANGO:F.Fab
PANGO:B.Fab
PANGO:User.1
PANGO:User.2
PANGO:User.3
PANGO:User.4
PANGO:25.4000 mm (1000.00 mils)
PANGO:12.7000 mm (500.00 mils)
PANGO:6.3500 mm (250.00 mils)
PANGO:5.0800 mm (200.00 mils)
PANGO:2.5400 mm (100.00 mils)
PANGO:1.2700 mm (50.00 mils)
PANGO:0.6350 mm (25.00 mils)
PANGO:0.5080 mm (20.00 mils)
PANGO:0.2540 mm (10.00 mils)
PANGO:0.1270 mm (5.00 mils)
PANGO:0.0508 mm (2.00 mils)
PANGO:0.0254 mm (1.00 mils)
PANGO:5.0000 mm (196.85 mils)
PANGO:2.5000 mm (98.43 mils)
PANGO:1.0000 mm (39.37 mils)
PANGO:0.5000 mm (19.69 mils)
PANGO:0.2500 mm (9.84 mils)
PANGO:0.2000 mm (7.87 mils)
PANGO:0.1000 mm (3.94 mils)
PANGO:0.0500 mm (1.97 mils)
PANGO:0.0250 mm (0.98 mils)
PANGO:0.0100 mm (0.39 mils)
PANGO:---
PANGO:Edit Grids...
PANGO:25.4000 mm (1000.00 mils)
PANGO:12.7000 mm (500.00 mils)
PANGO:6.3500 mm (250.00 mils)
PANGO:5.0800 mm (200.00 mils)
PANGO:2.5400 mm (100.00 mils)
PANGO:1.2700 mm (50.00 mils)
PANGO:0.6350 mm (25.00 mils)
PANGO:0.5080 mm (20.00 mils)
PANGO:0.2540 mm (10.00 mils)
PANGO:0.1270 mm (5.00 mils)
PANGO:0.0508 mm (2.00 mils)
PANGO:0.0254 mm (1.00 mils)
PANGO:5.0000 mm (196.85 mils)
PANGO:2.5000 mm (98.43 mils)
PANGO:1.0000 mm (39.37 mils)
PANGO:0.5000 mm (19.69 mils)
PANGO:0.2500 mm (9.84 mils)
PANGO:0.2000 mm (7.87 mils)
PANGO:0.1000 mm (3.94 mils)
PANGO:0.0500 mm (1.97 mils)
PANGO:0.0250 mm (0.98 mils)
PANGO:0.0100 mm (0.39 mils)
PANGO:---
PANGO:Edit Grids...
PANGO:Zoom Auto
PANGO:Zoom 0.13
PANGO:Zoom 0.22
PANGO:Zoom 0.35
PANGO:Zoom 0.60
PANGO:Zoom 1.00
PANGO:Zoom 1.50
PANGO:Zoom 2.20
PANGO:Zoom 3.50
PANGO:Zoom 5.00
PANGO:Zoom 8.00
PANGO:Zoom 13.00
PANGO:Zoom 20.00
PANGO:Zoom 35.00
PANGO:Zoom 50.00
PANGO:Zoom 80.00
PANGO:Zoom 130.00
PANGO:Zoom 220.00
PANGO:Zoom 300.00
PANGO:Zoom Auto
PANGO:Zoom 0.13
PANGO:Zoom 0.22
PANGO:Zoom 0.35
PANGO:Zoom 0.60
PANGO:Zoom 1.00
PANGO:Zoom 1.50
PANGO:Zoom 2.20
PANGO:Zoom 3.50
PANGO:Zoom 5.00
PANGO:Zoom 8.00
PANGO:Zoom 13.00
PANGO:Zoom 20.00
PANGO:Zoom 35.00
PANGO:Zoom 50.00
PANGO:Zoom 80.00
PANGO:Zoom 130.00
PANGO:Zoom 220.00
PANGO:Zoom 300.00
PANGO:All Copper Layers
PANGO:All Layers
PANGO:Back Assembly View
PANGO:Back Layers
PANGO:Front Assembly View
PANGO:Front Layers
PANGO:Inner Copper Layers
PANGO:No Layers
PANGO:---
PANGO:Save preset...
PANGO:Delete preset...
PANGO:All Copper Layers
PANGO:All Layers
PANGO:Back Assembly View
PANGO:Back Layers
PANGO:Front Assembly View
PANGO:Front Layers
PANGO:Inner Copper Layers
PANGO:No Layers
PANGO:---
PANGO:Save preset...
PANGO:Delete preset...
PANGO:---
PANGO:Save viewport...
PANGO:Delete viewport...
PANGO:---
PANGO:Save viewport...
PANGO:Delete viewport...
PANGO:Track: use netclass width
PANGO:---
PANGO:Edit Pre-defined Sizes...
PANGO:Track: use netclass width
PANGO:---
PANGO:Edit Pre-defined Sizes...
PANGO:Via: use netclass sizes
PANGO:---
PANGO:Edit Pre-defined Sizes...
PANGO:Via: use netclass sizes
PANGO:---
PANGO:Edit Pre-defined Sizes...
PANGO:F.Cu (PgUp)
PANGO:B.Cu (PgDn)
PANGO:F.Adhesive
PANGO:B.Adhesive
PANGO:F.Paste
PANGO:B.Paste
PANGO:F.Silkscreen
PANGO:B.Silkscreen
PANGO:F.Mask
PANGO:B.Mask
PANGO:User.Drawings
PANGO:User.Comments
PANGO:User.Eco1
PANGO:User.Eco2
PANGO:Edge.Cuts
PANGO:Margin
PANGO:F.Courtyard
PANGO:B.Courtyard
PANGO:F.Fab
PANGO:B.Fab
PANGO:User.1
PANGO:User.2
PANGO:User.3
PANGO:User.4
PANGO:F.Cu (PgUp)
PANGO:B.Cu (PgDn)
PANGO:F.Adhesive
PANGO:B.Adhesive
PANGO:F.Paste
PANGO:B.Paste
PANGO:F.Silkscreen
PANGO:B.Silkscreen
PANGO:F.Mask
PANGO:B.Mask
PANGO:User.Drawings
PANGO:User.Comments
PANGO:User.Eco1
PANGO:User.Eco2
PANGO:Edge.Cuts
PANGO:Margin
PANGO:F.Courtyard
PANGO:B.Courtyard
PANGO:F.Fab
PANGO:B.Fab
PANGO:User.1
PANGO:User.2
PANGO:User.3
PANGO:User.4
PANGO:All Copper Layers
PANGO:All Layers
PANGO:Back Assembly View
PANGO:Back Layers
PANGO:Front Assembly View
PANGO:Front Layers
PANGO:Inner Copper Layers
PANGO:No Layers
PANGO:---
PANGO:Save preset...
PANGO:Delete preset...
PANGO:All Copper Layers
PANGO:All Layers
PANGO:Back Assembly View
PANGO:Back Layers
PANGO:Front Assembly View
PANGO:Front Layers
PANGO:Inner Copper Layers
PANGO:No Layers
PANGO:---
PANGO:Save preset...
PANGO:Delete preset...
PANGO:---
PANGO:Save viewport...
PANGO:Delete viewport...
PANGO:---
PANGO:Save viewport...
PANGO:Delete viewport...
PANGO:Appearance
PANGO:Selection Filter
PANGO:Track: use netclass width
PANGO:Via: use netclass sizes
PANGO:F.Cu (PgUp)
PANGO:---
GTK:Label Set Text 2:Updating nets...
PANGO:Updating nets...
GTK:Label Set Text 2:0:00:01
PANGO:0:00:01
KiAuto:match
KiAuto:Waiting for `['GTK:Window Title:', 'PANGO:0:']` starts=True times=1
PANGO:Updating nets...
PANGO:0:00:01
KiAuto:match
KiAuto:Waiting for `['GTK:Window Title:', 'PANGO:0:']` starts=True times=1
PANGO:Appearance
PANGO:Selection Filter
PANGO:Track: use netclass width
PANGO:Via: use netclass sizes
PANGO:F.Cu (PgUp)
PANGO:---
PANGO:Updating nets...
PANGO:0:00:01
KiAuto:match
KiAuto:Waiting for `['GTK:Window Title:', 'PANGO:0:']` starts=True times=1
GTK:Label Set Text 2:Presets (Ctrl+Tab):
PANGO:Presets (Ctrl+Tab):
GTK:Label Set Text 2:Viewports (Shift+Tab):
PANGO:Viewports (Shift+Tab):
GTK:Window Title:kibot_s3l1wiuw — PCB Editor
KiAuto:match
KiAuto:Waiting for `['GTK:Main:In']` starts=False times=1
PANGO:F.Cu (PgUp)
PANGO:B.Cu (PgDn)
PANGO:F.Adhesive
PANGO:B.Adhesive
PANGO:F.Paste
PANGO:B.Paste
PANGO:F.Silkscreen
PANGO:B.Silkscreen
PANGO:F.Mask
PANGO:B.Mask
PANGO:User.Drawings
PANGO:User.Comments
PANGO:User.Eco1
PANGO:User.Eco2
PANGO:Edge.Cuts
PANGO:Margin
PANGO:F.Courtyard
PANGO:B.Courtyard
PANGO:F.Fab
PANGO:B.Fab
PANGO:User.1
PANGO:User.2
PANGO:User.3
PANGO:User.4
PANGO:User.5
PANGO:User.6
PANGO:User.7
PANGO:User.8
PANGO:User.9
PANGO:F.Cu (PgUp)
PANGO:B.Cu (PgDn)
PANGO:F.Adhesive
PANGO:B.Adhesive
PANGO:F.Paste
PANGO:B.Paste
PANGO:F.Silkscreen
PANGO:B.Silkscreen
PANGO:F.Mask
PANGO:B.Mask
PANGO:User.Drawings
PANGO:User.Comments
PANGO:User.Eco1
PANGO:User.Eco2
PANGO:Edge.Cuts
PANGO:Margin
PANGO:F.Courtyard
PANGO:B.Courtyard
PANGO:F.Fab
PANGO:B.Fab
PANGO:User.1
PANGO:User.2
PANGO:User.3
PANGO:User.4
PANGO:User.5
PANGO:User.6
PANGO:User.7
PANGO:User.8
PANGO:User.9
PANGO:F.Cu (PgUp)
PANGO:B.Cu (PgDn)
PANGO:F.Adhesive
PANGO:B.Adhesive
PANGO:F.Paste
PANGO:B.Paste
PANGO:F.Silkscreen
PANGO:B.Silkscreen
PANGO:F.Mask
PANGO:B.Mask
PANGO:User.Drawings
PANGO:User.Comments
PANGO:User.Eco1
PANGO:User.Eco2
PANGO:Edge.Cuts
PANGO:Margin
PANGO:F.Courtyard
PANGO:B.Courtyard
PANGO:F.Fab
PANGO:B.Fab
PANGO:User.1
PANGO:User.2
PANGO:User.3
PANGO:User.4
PANGO:User.5
PANGO:User.6
PANGO:User.7
PANGO:User.8
PANGO:User.9
PANGO:H
PANGO:F.Cu (PgUp)
PANGO:B.Cu (PgDn)
PANGO:F.Adhesive
PANGO:B.Adhesive
PANGO:F.Paste
PANGO:B.Paste
PANGO:F.Silkscreen
PANGO:B.Silkscreen
PANGO:F.Mask
PANGO:B.Mask
PANGO:User.Drawings
PANGO:User.Comments
PANGO:User.Eco1
PANGO:User.Eco2
PANGO:Edge.Cuts
PANGO:Margin
PANGO:F.Courtyard
PANGO:B.Courtyard
PANGO:F.Fab
PANGO:B.Fab
PANGO:User.1
PANGO:User.2
PANGO:User.3
PANGO:User.4
PANGO:User.5
PANGO:User.6
PANGO:User.7
PANGO:User.8
PANGO:User.9
PANGO:F.Cu (PgUp)
PANGO:B.Cu (PgDn)
PANGO:F.Adhesive
PANGO:B.Adhesive
PANGO:F.Paste
PANGO:B.Paste
PANGO:F.Silkscreen
PANGO:B.Silkscreen
PANGO:F.Mask
PANGO:B.Mask
PANGO:User.Drawings
PANGO:User.Comments
PANGO:User.Eco1
PANGO:User.Eco2
PANGO:Edge.Cuts
PANGO:Margin
PANGO:F.Courtyard
PANGO:B.Courtyard
PANGO:F.Fab
PANGO:B.Fab
PANGO:User.1
PANGO:User.2
PANGO:User.3
PANGO:User.4
PANGO:User.5
PANGO:User.6
PANGO:User.7
PANGO:User.8
PANGO:User.9
PANGO:F.Cu (PgUp)
PANGO:B.Cu (PgDn)
PANGO:F.Adhesive
PANGO:B.Adhesive
PANGO:F.Paste
PANGO:B.Paste
PANGO:F.Silkscreen
PANGO:B.Silkscreen
PANGO:F.Mask
PANGO:B.Mask
PANGO:User.Drawings
PANGO:User.Comments
PANGO:User.Eco1
PANGO:User.Eco2
PANGO:Edge.Cuts
PANGO:Margin
PANGO:F.Courtyard
PANGO:B.Courtyard
PANGO:F.Fab
PANGO:B.Fab
PANGO:User.1
PANGO:User.2
PANGO:User.3
PANGO:User.4
PANGO:User.5
PANGO:User.6
PANGO:User.7
PANGO:User.8
PANGO:User.9
PANGO:H
PANGO:Track: use netclass width
PANGO:---
PANGO:Edit Pre-defined Sizes...
PANGO:Track: use netclass width
PANGO:---
PANGO:Edit Pre-defined Sizes...
PANGO:Via: use netclass sizes
PANGO:---
PANGO:Edit Pre-defined Sizes...
PANGO:Via: use netclass sizes
PANGO:---
PANGO:Edit Pre-defined Sizes...
PANGO:Zoom Auto
PANGO:Zoom 0.13
PANGO:Zoom 0.22
PANGO:Zoom 0.35
PANGO:Zoom 0.60
PANGO:Zoom 1.00
PANGO:Zoom 1.50
PANGO:Zoom 2.20
PANGO:Zoom 3.50
PANGO:Zoom 5.00
PANGO:Zoom 8.00
PANGO:Zoom 13.00
PANGO:Zoom 20.00
PANGO:Zoom 35.00
PANGO:Zoom 50.00
PANGO:Zoom 80.00
PANGO:Zoom 130.00
PANGO:Zoom 220.00
PANGO:Zoom 300.00
PANGO:Zoom Auto
PANGO:Zoom 0.13
PANGO:Zoom 0.22
PANGO:Zoom 0.35
PANGO:Zoom 0.60
PANGO:Zoom 1.00
PANGO:Zoom 1.50
PANGO:Zoom 2.20
PANGO:Zoom 3.50
PANGO:Zoom 5.00
PANGO:Zoom 8.00
PANGO:Zoom 13.00
PANGO:Zoom 20.00
PANGO:Zoom 35.00
PANGO:Zoom 50.00
PANGO:Zoom 80.00
PANGO:Zoom 130.00
PANGO:Zoom 220.00
PANGO:Zoom 300.00
PANGO:25.4000 mm (1000.00 mils)
PANGO:12.7000 mm (500.00 mils)
PANGO:6.3500 mm (250.00 mils)
PANGO:5.0800 mm (200.00 mils)
PANGO:2.5400 mm (100.00 mils)
PANGO:1.2700 mm (50.00 mils)
PANGO:0.6350 mm (25.00 mils)
PANGO:0.5080 mm (20.00 mils)
PANGO:0.2540 mm (10.00 mils)
PANGO:0.1270 mm (5.00 mils)
PANGO:0.0508 mm (2.00 mils)
PANGO:0.0254 mm (1.00 mils)
PANGO:5.0000 mm (196.85 mils)
PANGO:2.5000 mm (98.43 mils)
PANGO:1.0000 mm (39.37 mils)
PANGO:0.5000 mm (19.69 mils)
PANGO:0.2500 mm (9.84 mils)
PANGO:0.2000 mm (7.87 mils)
PANGO:0.1000 mm (3.94 mils)
PANGO:0.0500 mm (1.97 mils)
PANGO:0.0250 mm (0.98 mils)
PANGO:0.0100 mm (0.39 mils)
PANGO:---
PANGO:Edit Grids...
PANGO:25.4000 mm (1000.00 mils)
PANGO:12.7000 mm (500.00 mils)
PANGO:6.3500 mm (250.00 mils)
PANGO:5.0800 mm (200.00 mils)
PANGO:2.5400 mm (100.00 mils)
PANGO:1.2700 mm (50.00 mils)
PANGO:0.6350 mm (25.00 mils)
PANGO:0.5080 mm (20.00 mils)
PANGO:0.2540 mm (10.00 mils)
PANGO:0.1270 mm (5.00 mils)
PANGO:0.0508 mm (2.00 mils)
PANGO:0.0254 mm (1.00 mils)
PANGO:5.0000 mm (196.85 mils)
PANGO:2.5000 mm (98.43 mils)
PANGO:1.0000 mm (39.37 mils)
PANGO:0.5000 mm (19.69 mils)
PANGO:0.2500 mm (9.84 mils)
PANGO:0.2000 mm (7.87 mils)
PANGO:0.1000 mm (3.94 mils)
PANGO:0.0500 mm (1.97 mils)
PANGO:0.0250 mm (0.98 mils)
PANGO:0.0100 mm (0.39 mils)
PANGO:---
PANGO:Edit Grids...
PANGO:F.Cu (PgUp)
PANGO:B.Cu (PgDn)
PANGO:F.Adhesive
PANGO:B.Adhesive
PANGO:F.Paste
PANGO:B.Paste
PANGO:F.Silkscreen
PANGO:B.Silkscreen
PANGO:F.Mask
PANGO:B.Mask
PANGO:User.Drawings
PANGO:User.Comments
PANGO:User.Eco1
PANGO:User.Eco2
PANGO:Edge.Cuts
PANGO:Margin
PANGO:F.Courtyard
PANGO:B.Courtyard
PANGO:F.Fab
PANGO:B.Fab
PANGO:User.1
PANGO:User.2
PANGO:User.3
PANGO:User.4
PANGO:User.5
PANGO:User.6
PANGO:User.7
PANGO:User.8
PANGO:User.9
PANGO:H
GTK:Label Set Text 2:User.5
PANGO:User.5
GTK:Label Set Text 2:User.6
PANGO:User.6
GTK:Label Set Text 2:User.7
PANGO:User.7
GTK:Label Set Text 2:User.8
PANGO:User.8
GTK:Label Set Text 2:User.9
PANGO:User.9
PANGO:Layer Display Options
GTK:Label Set Text 2:Normal
GTK:Label Set Text 2:Dim
GTK:Label Set Text 2:Hide
GTK:Label Set Text 2:Flip board view
GTK:Label Set Text 2:Show All Copper Layers
GTK:Label Set Text 2:Hide All Copper Layers
GTK:Label Set Text 2:Hide All Layers But Active
GTK:Label Set Text 2:Show All Non Copper Layers
GTK:Label Set Text 2:Hide All Non Copper Layers
GTK:Label Set Text 2:Show All Layers
GTK:Label Set Text 2:Hide All Layers
GTK:Label Set Text 2:Show Only Front Assembly Layers
GTK:Label Set Text 2:Show Only Front Layers
GTK:Label Set Text 2:Show Only Back Layers
GTK:Label Set Text 2:Show Only Back Assembly Layers
GTK:Label Set Text 2:Default
PANGO:Default
GTK:Label Set Text 2:Power
PANGO:Power
PANGO:Net Display Options
GTK:Label Set Text 2:All
GTK:Label Set Text 2:Ratsnest
GTK:Label Set Text 2:None
GTK:Label Set Text 2:All
GTK:Label Set Text 2:Visible layers
GTK:Label Set Text 2:None
GTK:Label Set Text 2:Presets (Ctrl+Tab):
PANGO:Presets (Ctrl+Tab):
GTK:Label Set Text 2:Viewports (Shift+Tab):
PANGO:Viewports (Shift+Tab):
PANGO:F.Cu (PgUp)
PANGO:B.Cu (PgDn)
PANGO:F.Adhesive
PANGO:B.Adhesive
PANGO:F.Paste
PANGO:B.Paste
PANGO:F.Silkscreen
PANGO:B.Silkscreen
PANGO:F.Mask
PANGO:B.Mask
PANGO:User.Drawings
PANGO:User.Comments
PANGO:User.Eco1
PANGO:User.Eco2
PANGO:Edge.Cuts
PANGO:Margin
PANGO:F.Courtyard
PANGO:B.Courtyard
PANGO:F.Fab
PANGO:B.Fab
PANGO:User.1
PANGO:User.2
PANGO:User.3
PANGO:User.4
PANGO:User.5
PANGO:User.6
PANGO:User.7
PANGO:User.8
PANGO:User.9
PANGO:F.Cu (PgUp)
PANGO:B.Cu (PgDn)
PANGO:F.Adhesive
PANGO:B.Adhesive
PANGO:F.Paste
PANGO:B.Paste
PANGO:F.Silkscreen
PANGO:B.Silkscreen
PANGO:F.Mask
PANGO:B.Mask
PANGO:User.Drawings
PANGO:User.Comments
PANGO:User.Eco1
PANGO:User.Eco2
PANGO:Edge.Cuts
PANGO:Margin
PANGO:F.Courtyard
PANGO:B.Courtyard
PANGO:F.Fab
PANGO:B.Fab
PANGO:User.1
PANGO:User.2
PANGO:User.3
PANGO:User.4
PANGO:User.5
PANGO:User.6
PANGO:User.7
PANGO:User.8
PANGO:User.9
PANGO:F.Cu (PgUp)
PANGO:B.Cu (PgDn)
PANGO:F.Adhesive
PANGO:B.Adhesive
PANGO:F.Paste
PANGO:B.Paste
PANGO:F.Silkscreen
PANGO:B.Silkscreen
PANGO:F.Mask
PANGO:B.Mask
PANGO:User.Drawings
PANGO:User.Comments
PANGO:User.Eco1
PANGO:User.Eco2
PANGO:Edge.Cuts
PANGO:Margin
PANGO:F.Courtyard
PANGO:B.Courtyard
PANGO:F.Fab
PANGO:B.Fab
PANGO:User.1
PANGO:User.2
PANGO:User.3
PANGO:User.4
PANGO:User.5
PANGO:User.6
PANGO:User.7
PANGO:User.8
PANGO:User.9
PANGO:H
PANGO:F.Cu (PgUp)
PANGO:B.Cu (PgDn)
PANGO:F.Adhesive
PANGO:B.Adhesive
PANGO:F.Paste
PANGO:B.Paste
PANGO:F.Silkscreen
PANGO:B.Silkscreen
PANGO:F.Mask
PANGO:B.Mask
PANGO:User.Drawings
PANGO:User.Comments
PANGO:User.Eco1
PANGO:User.Eco2
PANGO:Edge.Cuts
PANGO:Margin
PANGO:F.Courtyard
PANGO:B.Courtyard
PANGO:F.Fab
PANGO:B.Fab
PANGO:User.1
PANGO:User.2
PANGO:User.3
PANGO:User.4
PANGO:User.5
PANGO:User.6
PANGO:User.7
PANGO:User.8
PANGO:User.9
PANGO:F.Cu (PgUp)
PANGO:B.Cu (PgDn)
PANGO:F.Adhesive
PANGO:B.Adhesive
PANGO:F.Paste
PANGO:B.Paste
PANGO:F.Silkscreen
PANGO:B.Silkscreen
PANGO:F.Mask
PANGO:B.Mask
PANGO:User.Drawings
PANGO:User.Comments
PANGO:User.Eco1
PANGO:User.Eco2
PANGO:Edge.Cuts
PANGO:Margin
PANGO:F.Courtyard
PANGO:B.Courtyard
PANGO:F.Fab
PANGO:B.Fab
PANGO:User.1
PANGO:User.2
PANGO:User.3
PANGO:User.4
PANGO:User.5
PANGO:User.6
PANGO:User.7
PANGO:User.8
PANGO:User.9
PANGO:F.Cu (PgUp)
PANGO:B.Cu (PgDn)
PANGO:F.Adhesive
PANGO:B.Adhesive
PANGO:F.Paste
PANGO:B.Paste
PANGO:F.Silkscreen
PANGO:B.Silkscreen
PANGO:F.Mask
PANGO:B.Mask
PANGO:User.Drawings
PANGO:User.Comments
PANGO:User.Eco1
PANGO:User.Eco2
PANGO:Edge.Cuts
PANGO:Margin
PANGO:F.Courtyard
PANGO:B.Courtyard
PANGO:F.Fab
PANGO:B.Fab
PANGO:User.1
PANGO:User.2
PANGO:User.3
PANGO:User.4
PANGO:User.5
PANGO:User.6
PANGO:User.7
PANGO:User.8
PANGO:User.9
PANGO:H
PANGO:Track: use netclass width
PANGO:---
PANGO:Edit Pre-defined Sizes...
PANGO:Track: use netclass width
PANGO:---
PANGO:Edit Pre-defined Sizes...
PANGO:Track: use netclass width
PANGO:---
PANGO:Edit Pre-defined Sizes...
PANGO:Via: use netclass sizes
PANGO:---
PANGO:Edit Pre-defined Sizes...
PANGO:Via: use netclass sizes
PANGO:---
PANGO:Edit Pre-defined Sizes...
PANGO:Via: use netclass sizes
PANGO:---
PANGO:Edit Pre-defined Sizes...
PANGO:Zoom Auto
PANGO:Zoom 0.13
PANGO:Zoom 0.22
PANGO:Zoom 0.35
PANGO:Zoom 0.60
PANGO:Zoom 1.00
PANGO:Zoom 1.50
PANGO:Zoom 2.20
PANGO:Zoom 3.50
PANGO:Zoom 5.00
PANGO:Zoom 8.00
PANGO:Zoom 13.00
PANGO:Zoom 20.00
PANGO:Zoom 35.00
PANGO:Zoom 50.00
PANGO:Zoom 80.00
PANGO:Zoom 130.00
PANGO:Zoom 220.00
PANGO:Zoom 300.00
PANGO:Zoom Auto
PANGO:Zoom 0.13
PANGO:Zoom 0.22
PANGO:Zoom 0.35
PANGO:Zoom 0.60
PANGO:Zoom 1.00
PANGO:Zoom 1.50
PANGO:Zoom 2.20
PANGO:Zoom 3.50
PANGO:Zoom 5.00
PANGO:Zoom 8.00
PANGO:Zoom 13.00
PANGO:Zoom 20.00
PANGO:Zoom 35.00
PANGO:Zoom 50.00
PANGO:Zoom 80.00
PANGO:Zoom 130.00
PANGO:Zoom 220.00
PANGO:Zoom 300.00
PANGO:Zoom Auto
PANGO:Zoom 0.13
PANGO:Zoom 0.22
PANGO:Zoom 0.35
PANGO:Zoom 0.60
PANGO:Zoom 1.00
PANGO:Zoom 1.50
PANGO:Zoom 2.20
PANGO:Zoom 3.50
PANGO:Zoom 5.00
PANGO:Zoom 8.00
PANGO:Zoom 13.00
PANGO:Zoom 20.00
PANGO:Zoom 35.00
PANGO:Zoom 50.00
PANGO:Zoom 80.00
PANGO:Zoom 130.00
PANGO:Zoom 220.00
PANGO:Zoom 300.00
PANGO:25.4000 mm (1000.00 mils)
PANGO:12.7000 mm (500.00 mils)
PANGO:6.3500 mm (250.00 mils)
PANGO:5.0800 mm (200.00 mils)
PANGO:2.5400 mm (100.00 mils)
PANGO:1.2700 mm (50.00 mils)
PANGO:0.6350 mm (25.00 mils)
PANGO:0.5080 mm (20.00 mils)
PANGO:0.2540 mm (10.00 mils)
PANGO:0.1270 mm (5.00 mils)
PANGO:0.0508 mm (2.00 mils)
PANGO:0.0254 mm (1.00 mils)
PANGO:5.0000 mm (196.85 mils)
PANGO:2.5000 mm (98.43 mils)
PANGO:1.0000 mm (39.37 mils)
PANGO:0.5000 mm (19.69 mils)
PANGO:0.2500 mm (9.84 mils)
PANGO:0.2000 mm (7.87 mils)
PANGO:0.1000 mm (3.94 mils)
PANGO:0.0500 mm (1.97 mils)
PANGO:0.0250 mm (0.98 mils)
PANGO:0.0100 mm (0.39 mils)
PANGO:---
PANGO:Edit Grids...
PANGO:25.4000 mm (1000.00 mils)
PANGO:12.7000 mm (500.00 mils)
PANGO:6.3500 mm (250.00 mils)
PANGO:5.0800 mm (200.00 mils)
PANGO:2.5400 mm (100.00 mils)
PANGO:1.2700 mm (50.00 mils)
PANGO:0.6350 mm (25.00 mils)
PANGO:0.5080 mm (20.00 mils)
PANGO:0.2540 mm (10.00 mils)
PANGO:0.1270 mm (5.00 mils)
PANGO:0.0508 mm (2.00 mils)
PANGO:0.0254 mm (1.00 mils)
PANGO:5.0000 mm (196.85 mils)
PANGO:2.5000 mm (98.43 mils)
PANGO:1.0000 mm (39.37 mils)
PANGO:0.5000 mm (19.69 mils)
PANGO:0.2500 mm (9.84 mils)
PANGO:0.2000 mm (7.87 mils)
PANGO:0.1000 mm (3.94 mils)
PANGO:0.0500 mm (1.97 mils)
PANGO:0.0250 mm (0.98 mils)
PANGO:0.0100 mm (0.39 mils)
PANGO:---
PANGO:Edit Grids...
PANGO:25.4000 mm (1000.00 mils)
PANGO:12.7000 mm (500.00 mils)
PANGO:6.3500 mm (250.00 mils)
PANGO:5.0800 mm (200.00 mils)
PANGO:2.5400 mm (100.00 mils)
PANGO:1.2700 mm (50.00 mils)
PANGO:0.6350 mm (25.00 mils)
PANGO:0.5080 mm (20.00 mils)
PANGO:0.2540 mm (10.00 mils)
PANGO:0.1270 mm (5.00 mils)
PANGO:0.0508 mm (2.00 mils)
PANGO:0.0254 mm (1.00 mils)
PANGO:5.0000 mm (196.85 mils)
PANGO:2.5000 mm (98.43 mils)
PANGO:1.0000 mm (39.37 mils)
PANGO:0.5000 mm (19.69 mils)
PANGO:0.2500 mm (9.84 mils)
PANGO:0.2000 mm (7.87 mils)
PANGO:0.1000 mm (3.94 mils)
PANGO:0.0500 mm (1.97 mils)
PANGO:0.0250 mm (0.98 mils)
PANGO:0.0100 mm (0.39 mils)
PANGO:---
PANGO:Edit Grids...
PANGO:F.Cu (PgUp)
PANGO:B.Cu (PgDn)
PANGO:F.Adhesive
PANGO:B.Adhesive
PANGO:F.Paste
PANGO:B.Paste
PANGO:F.Silkscreen
PANGO:B.Silkscreen
PANGO:F.Mask
PANGO:B.Mask
PANGO:User.Drawings
PANGO:User.Comments
PANGO:User.Eco1
PANGO:User.Eco2
PANGO:Edge.Cuts
PANGO:Margin
PANGO:F.Courtyard
PANGO:B.Courtyard
PANGO:F.Fab
PANGO:B.Fab
PANGO:User.1
PANGO:User.2
PANGO:User.3
PANGO:User.4
PANGO:User.5
PANGO:User.6
PANGO:User.7
PANGO:User.8
PANGO:User.9
PANGO:H
PANGO:00000,000 mm
PANGO:000
PANGO:MMMMMMMMMMMM
PANGO:Name
PANGO:Netclass
PANGO:Total Length
PANGO:Via Count
PANGO:Via Length
PANGO:Track Length
PANGO:Die Length
PANGO:Pad Count
PANGO:F.Cu
PANGO:B.Cu
PANGO:Pads      
PANGO:Vias      
PANGO:Track Segments      
PANGO:Nets      
PANGO:Unrouted      
PANGO:Pads      
PANGO:Vias      
PANGO:Track Segments      
PANGO:Nets      
PANGO:Unrouted      
PANGO:Appearance
PANGO:Selection Filter
PANGO:Pads
PANGO:61
PANGO:Vias
PANGO:152
PANGO:Track Segments
PANGO:193
PANGO:Nets
PANGO:18
PANGO:Unrouted
PANGO:0
PANGO:Track: use netclass width
PANGO:Via: use netclass sizes
PANGO:Layer Display Options
PANGO:---
PANGO:Viewports (Shift+Tab):
PANGO:---
PANGO:Z 0.54
PANGO:X 0.0000  Y 0.0000
PANGO:dx 0.0000  dy 0.0000  dist 0.0000
PANGO:grid 0.5000
PANGO:mm
PANGO:Pads      
PANGO:Vias      
PANGO:Track Segments      
PANGO:Nets      
PANGO:Unrouted      
GTK:Window Destroy:Loading PCB
* wrapping gtk_main
GTK:Main:In
KiAuto:match
KiAuto:Waiting for `['GLX:Swap']` starts=True times=1
PANGO:Track: use netclass width
PANGO:---
PANGO:Edit Pre-defined Sizes...
PANGO:Track: use netclass width
PANGO:---
PANGO:Edit Pre-defined Sizes...
PANGO:Via: use netclass sizes
PANGO:---
PANGO:Edit Pre-defined Sizes...
PANGO:Via: use netclass sizes
PANGO:---
PANGO:Edit Pre-defined Sizes...
PANGO:F.Cu (PgUp)
PANGO:B.Cu (PgDn)
PANGO:F.Adhesive
PANGO:B.Adhesive
PANGO:F.Paste
PANGO:B.Paste
PANGO:F.Silkscreen
PANGO:B.Silkscreen
PANGO:F.Mask
PANGO:B.Mask
PANGO:User.Drawings
PANGO:User.Comments
PANGO:User.Eco1
PANGO:User.Eco2
PANGO:Edge.Cuts
PANGO:Margin
PANGO:F.Courtyard
PANGO:B.Courtyard
PANGO:F.Fab
PANGO:B.Fab
PANGO:User.1
PANGO:User.2
PANGO:User.3
PANGO:User.4
PANGO:User.5
PANGO:User.6
PANGO:User.7
PANGO:User.8
PANGO:User.9
PANGO:F.Cu (PgUp)
PANGO:B.Cu (PgDn)
PANGO:F.Adhesive
PANGO:B.Adhesive
PANGO:F.Paste
PANGO:B.Paste
PANGO:F.Silkscreen
PANGO:B.Silkscreen
PANGO:F.Mask
PANGO:B.Mask
PANGO:User.Drawings
PANGO:User.Comments
PANGO:User.Eco1
PANGO:User.Eco2
PANGO:Edge.Cuts
PANGO:Margin
PANGO:F.Courtyard
PANGO:B.Courtyard
PANGO:F.Fab
PANGO:B.Fab
PANGO:User.1
PANGO:User.2
PANGO:User.3
PANGO:User.4
PANGO:User.5
PANGO:User.6
PANGO:User.7
PANGO:User.8
PANGO:User.9
PANGO:25.4000 mm (1000.00 mils)
PANGO:12.7000 mm (500.00 mils)
PANGO:6.3500 mm (250.00 mils)
PANGO:5.0800 mm (200.00 mils)
PANGO:2.5400 mm (100.00 mils)
PANGO:1.2700 mm (50.00 mils)
PANGO:0.6350 mm (25.00 mils)
PANGO:0.5080 mm (20.00 mils)
PANGO:0.2540 mm (10.00 mils)
PANGO:0.1270 mm (5.00 mils)
PANGO:0.0508 mm (2.00 mils)
PANGO:0.0254 mm (1.00 mils)
PANGO:5.0000 mm (196.85 mils)
PANGO:2.5000 mm (98.43 mils)
PANGO:1.0000 mm (39.37 mils)
PANGO:0.5000 mm (19.69 mils)
PANGO:0.2500 mm (9.84 mils)
PANGO:0.2000 mm (7.87 mils)
PANGO:0.1000 mm (3.94 mils)
PANGO:0.0500 mm (1.97 mils)
PANGO:0.0250 mm (0.98 mils)
PANGO:0.0100 mm (0.39 mils)
PANGO:---
PANGO:Edit Grids...
PANGO:25.4000 mm (1000.00 mils)
PANGO:12.7000 mm (500.00 mils)
PANGO:6.3500 mm (250.00 mils)
PANGO:5.0800 mm (200.00 mils)
PANGO:2.5400 mm (100.00 mils)
PANGO:1.2700 mm (50.00 mils)
PANGO:0.6350 mm (25.00 mils)
PANGO:0.5080 mm (20.00 mils)
PANGO:0.2540 mm (10.00 mils)
PANGO:0.1270 mm (5.00 mils)
PANGO:0.0508 mm (2.00 mils)
PANGO:0.0254 mm (1.00 mils)
PANGO:5.0000 mm (196.85 mils)
PANGO:2.5000 mm (98.43 mils)
PANGO:1.0000 mm (39.37 mils)
PANGO:0.5000 mm (19.69 mils)
PANGO:0.2500 mm (9.84 mils)
PANGO:0.2000 mm (7.87 mils)
PANGO:0.1000 mm (3.94 mils)
PANGO:0.0500 mm (1.97 mils)
PANGO:0.0250 mm (0.98 mils)
PANGO:0.0100 mm (0.39 mils)
PANGO:---
PANGO:Edit Grids...
PANGO:Zoom Auto
PANGO:Zoom 0.13
PANGO:Zoom 0.22
PANGO:Zoom 0.35
PANGO:Zoom 0.60
PANGO:Zoom 1.00
PANGO:Zoom 1.50
PANGO:Zoom 2.20
PANGO:Zoom 3.50
PANGO:Zoom 5.00
PANGO:Zoom 8.00
PANGO:Zoom 13.00
PANGO:Zoom 20.00
PANGO:Zoom 35.00
PANGO:Zoom 50.00
PANGO:Zoom 80.00
PANGO:Zoom 130.00
PANGO:Zoom 220.00
PANGO:Zoom 300.00
PANGO:Zoom Auto
PANGO:Zoom 0.13
PANGO:Zoom 0.22
PANGO:Zoom 0.35
PANGO:Zoom 0.60
PANGO:Zoom 1.00
PANGO:Zoom 1.50
PANGO:Zoom 2.20
PANGO:Zoom 3.50
PANGO:Zoom 5.00
PANGO:Zoom 8.00
PANGO:Zoom 13.00
PANGO:Zoom 20.00
PANGO:Zoom 35.00
PANGO:Zoom 50.00
PANGO:Zoom 80.00
PANGO:Zoom 130.00
PANGO:Zoom 220.00
PANGO:Zoom 300.00
PANGO:F.Cu
PANGO:B.Cu
PANGO:F.Adhesive
PANGO:B.Adhesive
PANGO:F.Paste
PANGO:B.Paste
PANGO:F.Silkscreen
PANGO:B.Silkscreen
PANGO:F.Mask
PANGO:B.Mask
PANGO:User.Drawings
PANGO:User.Comments
PANGO:User.Eco1
PANGO:User.Eco2
PANGO:Edge.Cuts
PANGO:Margin
PANGO:F.Courtyard
PANGO:B.Courtyard
PANGO:F.Fab
PANGO:B.Fab
PANGO:User.1
PANGO:User.2
PANGO:User.3
PANGO:User.4
PANGO:User.5
PANGO:User.6
PANGO:User.7
PANGO:User.8
PANGO:User.9
PANGO:Tracks
PANGO:Vias
PANGO:Pads
PANGO:Zones
PANGO:Filled Shapes
PANGO:Images
PANGO:Footprints Front
PANGO:Footprints Back
PANGO:Values
PANGO:References
PANGO:Footprint Text
PANGO:Ratsnest
PANGO:DRC Warnings
PANGO:DRC Errors
PANGO:DRC Exclusions
PANGO:Anchors
PANGO:Locked Item Shadow
PANGO:Colliding Courtyards
PANGO:Drawing Sheet
PANGO:Grid
PANGO:Nets
PANGO:Net Classes
PANGO:Default
PANGO:Power
PANGO:Presets (Ctrl+Tab):
PANGO:All Copper Layers
PANGO:All Layers
PANGO:Back Assembly View
PANGO:Back Layers
PANGO:Front Assembly View
PANGO:Front Layers
PANGO:Inner Copper Layers
PANGO:No Layers
PANGO:---
PANGO:Save preset...
PANGO:Delete preset...
PANGO:All Copper Layers
PANGO:All Layers
PANGO:Back Assembly View
PANGO:Back Layers
PANGO:Front Assembly View
PANGO:Front Layers
PANGO:Inner Copper Layers
PANGO:No Layers
PANGO:---
PANGO:Save preset...
PANGO:Delete preset...
PANGO:Viewports (Shift+Tab):
PANGO:---
PANGO:Save viewport...
PANGO:Delete viewport...
PANGO:---
PANGO:Save viewport...
PANGO:Delete viewport...
PANGO:Track: use netclass width
PANGO:---
PANGO:Edit Pre-defined Sizes...
PANGO:Track: use netclass width
PANGO:---
PANGO:Edit Pre-defined Sizes...
PANGO:Via: use netclass sizes
PANGO:---
PANGO:Edit Pre-defined Sizes...
PANGO:Via: use netclass sizes
PANGO:---
PANGO:Edit Pre-defined Sizes...
PANGO:F.Cu (PgUp)
PANGO:B.Cu (PgDn)
PANGO:F.Adhesive
PANGO:B.Adhesive
PANGO:F.Paste
PANGO:B.Paste
PANGO:F.Silkscreen
PANGO:B.Silkscreen
PANGO:F.Mask
PANGO:B.Mask
PANGO:User.Drawings
PANGO:User.Comments
PANGO:User.Eco1
PANGO:User.Eco2
PANGO:Edge.Cuts
PANGO:Margin
PANGO:F.Courtyard
PANGO:B.Courtyard
PANGO:F.Fab
PANGO:B.Fab
PANGO:User.1
PANGO:User.2
PANGO:User.3
PANGO:User.4
PANGO:User.5
PANGO:User.6
PANGO:User.7
PANGO:User.8
PANGO:User.9
PANGO:F.Cu (PgUp)
PANGO:B.Cu (PgDn)
PANGO:F.Adhesive
PANGO:B.Adhesive
PANGO:F.Paste
PANGO:B.Paste
PANGO:F.Silkscreen
PANGO:B.Silkscreen
PANGO:F.Mask
PANGO:B.Mask
PANGO:User.Drawings
PANGO:User.Comments
PANGO:User.Eco1
PANGO:User.Eco2
PANGO:Edge.Cuts
PANGO:Margin
PANGO:F.Courtyard
PANGO:B.Courtyard
PANGO:F.Fab
PANGO:B.Fab
PANGO:User.1
PANGO:User.2
PANGO:User.3
PANGO:User.4
PANGO:User.5
PANGO:User.6
PANGO:User.7
PANGO:User.8
PANGO:User.9
PANGO:25.4000 mm (1000.00 mils)
PANGO:12.7000 mm (500.00 mils)
PANGO:6.3500 mm (250.00 mils)
PANGO:5.0800 mm (200.00 mils)
PANGO:2.5400 mm (100.00 mils)
PANGO:1.2700 mm (50.00 mils)
PANGO:0.6350 mm (25.00 mils)
PANGO:0.5080 mm (20.00 mils)
PANGO:0.2540 mm (10.00 mils)
PANGO:0.1270 mm (5.00 mils)
PANGO:0.0508 mm (2.00 mils)
PANGO:0.0254 mm (1.00 mils)
PANGO:5.0000 mm (196.85 mils)
PANGO:2.5000 mm (98.43 mils)
PANGO:1.0000 mm (39.37 mils)
PANGO:0.5000 mm (19.69 mils)
PANGO:0.2500 mm (9.84 mils)
PANGO:0.2000 mm (7.87 mils)
PANGO:0.1000 mm (3.94 mils)
PANGO:0.0500 mm (1.97 mils)
PANGO:0.0250 mm (0.98 mils)
PANGO:0.0100 mm (0.39 mils)
PANGO:---
PANGO:Edit Grids...
PANGO:25.4000 mm (1000.00 mils)
PANGO:12.7000 mm (500.00 mils)
PANGO:6.3500 mm (250.00 mils)
PANGO:5.0800 mm (200.00 mils)
PANGO:2.5400 mm (100.00 mils)
PANGO:1.2700 mm (50.00 mils)
PANGO:0.6350 mm (25.00 mils)
PANGO:0.5080 mm (20.00 mils)
PANGO:0.2540 mm (10.00 mils)
PANGO:0.1270 mm (5.00 mils)
PANGO:0.0508 mm (2.00 mils)
PANGO:0.0254 mm (1.00 mils)
PANGO:5.0000 mm (196.85 mils)
PANGO:2.5000 mm (98.43 mils)
PANGO:1.0000 mm (39.37 mils)
PANGO:0.5000 mm (19.69 mils)
PANGO:0.2500 mm (9.84 mils)
PANGO:0.2000 mm (7.87 mils)
PANGO:0.1000 mm (3.94 mils)
PANGO:0.0500 mm (1.97 mils)
PANGO:0.0250 mm (0.98 mils)
PANGO:0.0100 mm (0.39 mils)
PANGO:---
PANGO:Edit Grids...
PANGO:Zoom Auto
PANGO:Zoom 0.13
PANGO:Zoom 0.22
PANGO:Zoom 0.35
PANGO:Zoom 0.60
PANGO:Zoom 1.00
PANGO:Zoom 1.50
PANGO:Zoom 2.20
PANGO:Zoom 3.50
PANGO:Zoom 5.00
PANGO:Zoom 8.00
PANGO:Zoom 13.00
PANGO:Zoom 20.00
PANGO:Zoom 35.00
PANGO:Zoom 50.00
PANGO:Zoom 80.00
PANGO:Zoom 130.00
PANGO:Zoom 220.00
PANGO:Zoom 300.00
PANGO:Zoom Auto
PANGO:Zoom 0.13
PANGO:Zoom 0.22
PANGO:Zoom 0.35
PANGO:Zoom 0.60
PANGO:Zoom 1.00
PANGO:Zoom 1.50
PANGO:Zoom 2.20
PANGO:Zoom 3.50
PANGO:Zoom 5.00
PANGO:Zoom 8.00
PANGO:Zoom 13.00
PANGO:Zoom 20.00
PANGO:Zoom 35.00
PANGO:Zoom 50.00
PANGO:Zoom 80.00
PANGO:Zoom 130.00
PANGO:Zoom 220.00
PANGO:Zoom 300.00
PANGO:All Copper Layers
PANGO:All Layers
PANGO:Back Assembly View
PANGO:Back Layers
PANGO:Front Assembly View
PANGO:Front Layers
PANGO:Inner Copper Layers
PANGO:No Layers
PANGO:---
PANGO:Save preset...
PANGO:Delete preset...
PANGO:All Copper Layers
PANGO:All Layers
PANGO:Back Assembly View
PANGO:Back Layers
PANGO:Front Assembly View
PANGO:Front Layers
PANGO:Inner Copper Layers
PANGO:No Layers
PANGO:---
PANGO:Save preset...
PANGO:Delete preset...
PANGO:---
PANGO:Save viewport...
PANGO:Delete viewport...
PANGO:---
PANGO:Save viewport...
PANGO:Delete viewport...
PANGO:User.5
PANGO:User.6
PANGO:User.7
PANGO:User.8
PANGO:User.9
PANGO:All Copper Layers
PANGO:All Layers
PANGO:Back Assembly View
PANGO:Back Layers
PANGO:Front Assembly View
PANGO:Front Layers
PANGO:Inner Copper Layers
PANGO:No Layers
PANGO:---
PANGO:Save preset...
PANGO:Delete preset...
PANGO:All Copper Layers
PANGO:All Layers
PANGO:Back Assembly View
PANGO:Back Layers
PANGO:Front Assembly View
PANGO:Front Layers
PANGO:Inner Copper Layers
PANGO:No Layers
PANGO:---
PANGO:Save preset...
PANGO:Delete preset...
PANGO:---
PANGO:Save viewport...
PANGO:Delete viewport...
PANGO:---
PANGO:Save viewport...
PANGO:Delete viewport...
PANGO:Appearance
PANGO:Selection Filter
PANGO:Pads
PANGO:61
PANGO:Vias
PANGO:152
PANGO:Track Segments
PANGO:193
PANGO:Nets
PANGO:18
PANGO:Unrouted
PANGO:0
PANGO:Track: use netclass width
PANGO:Via: use netclass sizes
PANGO:Layer Display Options
PANGO:---
PANGO:Z 0.54
PANGO:X 0.0000  Y 0.0000
PANGO:dx 0.0000  dy 0.0000  dist 0.0000
PANGO:grid 0.5000
PANGO:mm
PANGO:Appearance
PANGO:Selection Filter
PANGO:Track: use netclass width
PANGO:Via: use netclass sizes
PANGO:Appearance
PANGO:Selection Filter
PANGO:Appearance
PANGO:Selection Filter
PANGO:Appearance
PANGO:Selection Filter
PANGO:Pads
PANGO:61
PANGO:Vias
PANGO:152
PANGO:Track Segments
PANGO:193
PANGO:Nets
PANGO:18
PANGO:Unrouted
PANGO:0
PANGO:Track: use netclass width
PANGO:Via: use netclass sizes
PANGO:Layer Display Options
PANGO:---
PANGO:Z 0.54
PANGO:X 0.0000  Y 0.0000
PANGO:dx 0.0000  dy 0.0000  dist 0.0000
PANGO:grid 0.5000
PANGO:mm
PANGO:Appearance
PANGO:Selection Filter
PANGO:Appearance
PANGO:Selection Filter
PANGO:Track: use netclass width
PANGO:Via: use netclass sizes
PANGO:Appearance
PANGO:Selection Filter
PANGO:Appearance
PANGO:Selection Filter
PANGO:F.Cu (PgUp)
PANGO:B.Cu (PgDn)
PANGO:F.Adhesive
PANGO:B.Adhesive
PANGO:F.Paste
PANGO:B.Paste
PANGO:F.Silkscreen
PANGO:B.Silkscreen
PANGO:F.Mask
PANGO:B.Mask
PANGO:User.Drawings
PANGO:User.Comments
PANGO:User.Eco1
PANGO:User.Eco2
PANGO:Edge.Cuts
PANGO:Margin
PANGO:F.Courtyard
PANGO:B.Courtyard
PANGO:F.Fab
PANGO:B.Fab
PANGO:User.1
PANGO:User.2
PANGO:User.3
PANGO:User.4
PANGO:User.5
PANGO:User.6
PANGO:User.7
PANGO:User.8
PANGO:User.9
PANGO:25.4000 mm (1000.00 mils)
PANGO:12.7000 mm (500.00 mils)
PANGO:6.3500 mm (250.00 mils)
PANGO:5.0800 mm (200.00 mils)
PANGO:2.5400 mm (100.00 mils)
PANGO:1.2700 mm (50.00 mils)
PANGO:0.6350 mm (25.00 mils)
PANGO:0.5080 mm (20.00 mils)
PANGO:0.2540 mm (10.00 mils)
PANGO:0.1270 mm (5.00 mils)
PANGO:0.0508 mm (2.00 mils)
PANGO:0.0254 mm (1.00 mils)
PANGO:5.0000 mm (196.85 mils)
PANGO:2.5000 mm (98.43 mils)
PANGO:1.0000 mm (39.37 mils)
PANGO:0.5000 mm (19.69 mils)
PANGO:0.2500 mm (9.84 mils)
PANGO:0.2000 mm (7.87 mils)
PANGO:0.1000 mm (3.94 mils)
PANGO:0.0500 mm (1.97 mils)
PANGO:0.0250 mm (0.98 mils)
PANGO:0.0100 mm (0.39 mils)
PANGO:---
PANGO:Edit Grids...
PANGO:Zoom Auto
PANGO:Zoom 0.13
PANGO:Zoom 0.22
PANGO:Zoom 0.35
PANGO:Zoom 0.60
PANGO:Zoom 1.00
PANGO:Zoom 1.50
PANGO:Zoom 2.20
PANGO:Zoom 3.50
PANGO:Zoom 5.00
PANGO:Zoom 8.00
PANGO:Zoom 13.00
PANGO:Zoom 20.00
PANGO:Zoom 35.00
PANGO:Zoom 50.00
PANGO:Zoom 80.00
PANGO:Zoom 130.00
PANGO:Zoom 220.00
PANGO:Zoom 300.00
PANGO:User.5
PANGO:User.6
PANGO:User.7
PANGO:User.8
PANGO:User.9
PANGO:Appearance
PANGO:Selection Filter
PANGO:Track: use netclass width
PANGO:Via: use netclass sizes
PANGO:Layer Display Options
IO:open:/root/.local/share/recently-used.xbel.CSA7I3
IO:open64:0x1B6
IO:close:/root/.local/share/recently-used.xbel.CSA7I3
IO:open:/root/.local/share
IO:open64:0x0
IO:close:/root/.local/share
PANGO:Track: use netclass width
PANGO:---
PANGO:Edit Pre-defined Sizes...
PANGO:Track: use netclass width
PANGO:---
PANGO:Edit Pre-defined Sizes...
PANGO:Via: use netclass sizes
PANGO:---
PANGO:Edit Pre-defined Sizes...
PANGO:Via: use netclass sizes
PANGO:---
PANGO:Edit Pre-defined Sizes...
PANGO:F.Cu (PgUp)
PANGO:B.Cu (PgDn)
PANGO:F.Adhesive
PANGO:B.Adhesive
PANGO:F.Paste
PANGO:B.Paste
PANGO:F.Silkscreen
PANGO:B.Silkscreen
PANGO:F.Mask
PANGO:B.Mask
PANGO:User.Drawings
PANGO:User.Comments
PANGO:User.Eco1
PANGO:User.Eco2
PANGO:Edge.Cuts
PANGO:Margin
PANGO:F.Courtyard
PANGO:B.Courtyard
PANGO:F.Fab
PANGO:B.Fab
PANGO:User.1
PANGO:User.2
PANGO:User.3
PANGO:User.4
PANGO:User.5
PANGO:User.6
PANGO:User.7
PANGO:User.8
PANGO:User.9
PANGO:F.Cu (PgUp)
PANGO:B.Cu (PgDn)
PANGO:F.Adhesive
PANGO:B.Adhesive
PANGO:F.Paste
PANGO:B.Paste
PANGO:F.Silkscreen
PANGO:B.Silkscreen
PANGO:F.Mask
PANGO:B.Mask
PANGO:User.Drawings
PANGO:User.Comments
PANGO:User.Eco1
PANGO:User.Eco2
PANGO:Edge.Cuts
PANGO:Margin
PANGO:F.Courtyard
PANGO:B.Courtyard
PANGO:F.Fab
PANGO:B.Fab
PANGO:User.1
PANGO:User.2
PANGO:User.3
PANGO:User.4
PANGO:User.5
PANGO:User.6
PANGO:User.7
PANGO:User.8
PANGO:User.9
PANGO:25.4000 mm (1000.00 mils)
PANGO:12.7000 mm (500.00 mils)
PANGO:6.3500 mm (250.00 mils)
PANGO:5.0800 mm (200.00 mils)
PANGO:2.5400 mm (100.00 mils)
PANGO:1.2700 mm (50.00 mils)
PANGO:0.6350 mm (25.00 mils)
PANGO:0.5080 mm (20.00 mils)
PANGO:0.2540 mm (10.00 mils)
PANGO:0.1270 mm (5.00 mils)
PANGO:0.0508 mm (2.00 mils)
PANGO:0.0254 mm (1.00 mils)
PANGO:5.0000 mm (196.85 mils)
PANGO:2.5000 mm (98.43 mils)
PANGO:1.0000 mm (39.37 mils)
PANGO:0.5000 mm (19.69 mils)
PANGO:0.2500 mm (9.84 mils)
PANGO:0.2000 mm (7.87 mils)
PANGO:0.1000 mm (3.94 mils)
PANGO:0.0500 mm (1.97 mils)
PANGO:0.0250 mm (0.98 mils)
PANGO:0.0100 mm (0.39 mils)
PANGO:---
PANGO:Edit Grids...
PANGO:25.4000 mm (1000.00 mils)
PANGO:12.7000 mm (500.00 mils)
PANGO:6.3500 mm (250.00 mils)
PANGO:5.0800 mm (200.00 mils)
PANGO:2.5400 mm (100.00 mils)
PANGO:1.2700 mm (50.00 mils)
PANGO:0.6350 mm (25.00 mils)
PANGO:0.5080 mm (20.00 mils)
PANGO:0.2540 mm (10.00 mils)
PANGO:0.1270 mm (5.00 mils)
PANGO:0.0508 mm (2.00 mils)
PANGO:0.0254 mm (1.00 mils)
PANGO:5.0000 mm (196.85 mils)
PANGO:2.5000 mm (98.43 mils)
PANGO:1.0000 mm (39.37 mils)
PANGO:0.5000 mm (19.69 mils)
PANGO:0.2500 mm (9.84 mils)
PANGO:0.2000 mm (7.87 mils)
PANGO:0.1000 mm (3.94 mils)
PANGO:0.0500 mm (1.97 mils)
PANGO:0.0250 mm (0.98 mils)
PANGO:0.0100 mm (0.39 mils)
PANGO:---
PANGO:Edit Grids...
PANGO:Zoom Auto
PANGO:Zoom 0.13
PANGO:Zoom 0.22
PANGO:Zoom 0.35
PANGO:Zoom 0.60
PANGO:Zoom 1.00
PANGO:Zoom 1.50
PANGO:Zoom 2.20
PANGO:Zoom 3.50
PANGO:Zoom 5.00
PANGO:Zoom 8.00
PANGO:Zoom 13.00
PANGO:Zoom 20.00
PANGO:Zoom 35.00
PANGO:Zoom 50.00
PANGO:Zoom 80.00
PANGO:Zoom 130.00
PANGO:Zoom 220.00
PANGO:Zoom 300.00
PANGO:Zoom Auto
PANGO:Zoom 0.13
PANGO:Zoom 0.22
PANGO:Zoom 0.35
PANGO:Zoom 0.60
PANGO:Zoom 1.00
PANGO:Zoom 1.50
PANGO:Zoom 2.20
PANGO:Zoom 3.50
PANGO:Zoom 5.00
PANGO:Zoom 8.00
PANGO:Zoom 13.00
PANGO:Zoom 20.00
PANGO:Zoom 35.00
PANGO:Zoom 50.00
PANGO:Zoom 80.00
PANGO:Zoom 130.00
PANGO:Zoom 220.00
PANGO:Zoom 300.00
PANGO:All Copper Layers
PANGO:All Layers
PANGO:Back Assembly View
PANGO:Back Layers
PANGO:Front Assembly View
PANGO:Front Layers
PANGO:Inner Copper Layers
PANGO:No Layers
PANGO:---
PANGO:Save preset...
PANGO:Delete preset...
PANGO:All Copper Layers
PANGO:All Layers
PANGO:Back Assembly View
PANGO:Back Layers
PANGO:Front Assembly View
PANGO:Front Layers
PANGO:Inner Copper Layers
PANGO:No Layers
PANGO:---
PANGO:Save preset...
PANGO:Delete preset...
PANGO:---
PANGO:Save viewport...
PANGO:Delete viewport...
PANGO:---
PANGO:Save viewport...
PANGO:Delete viewport...
PANGO:Track: use netclass width
PANGO:---
PANGO:Edit Pre-defined Sizes...
PANGO:Track: use netclass width
PANGO:---
PANGO:Edit Pre-defined Sizes...
PANGO:Via: use netclass sizes
PANGO:---
PANGO:Edit Pre-defined Sizes...
PANGO:Via: use netclass sizes
PANGO:---
PANGO:Edit Pre-defined Sizes...
PANGO:F.Cu (PgUp)
PANGO:B.Cu (PgDn)
PANGO:F.Adhesive
PANGO:B.Adhesive
PANGO:F.Paste
PANGO:B.Paste
PANGO:F.Silkscreen
PANGO:B.Silkscreen
PANGO:F.Mask
PANGO:B.Mask
PANGO:User.Drawings
PANGO:User.Comments
PANGO:User.Eco1
PANGO:User.Eco2
PANGO:Edge.Cuts
PANGO:Margin
PANGO:F.Courtyard
PANGO:B.Courtyard
PANGO:F.Fab
PANGO:B.Fab
PANGO:User.1
PANGO:User.2
PANGO:User.3
PANGO:User.4
PANGO:User.5
PANGO:User.6
PANGO:User.7
PANGO:User.8
PANGO:User.9
PANGO:F.Cu (PgUp)
PANGO:B.Cu (PgDn)
PANGO:F.Adhesive
PANGO:B.Adhesive
PANGO:F.Paste
PANGO:B.Paste
PANGO:F.Silkscreen
PANGO:B.Silkscreen
PANGO:F.Mask
PANGO:B.Mask
PANGO:User.Drawings
PANGO:User.Comments
PANGO:User.Eco1
PANGO:User.Eco2
PANGO:Edge.Cuts
PANGO:Margin
PANGO:F.Courtyard
PANGO:B.Courtyard
PANGO:F.Fab
PANGO:B.Fab
PANGO:User.1
PANGO:User.2
PANGO:User.3
PANGO:User.4
PANGO:User.5
PANGO:User.6
PANGO:User.7
PANGO:User.8
PANGO:User.9
PANGO:All Copper Layers
PANGO:All Layers
PANGO:Back Assembly View
PANGO:Back Layers
PANGO:Front Assembly View
PANGO:Front Layers
PANGO:Inner Copper Layers
PANGO:No Layers
PANGO:---
PANGO:Save preset...
PANGO:Delete preset...
PANGO:All Copper Layers
PANGO:All Layers
PANGO:Back Assembly View
PANGO:Back Layers
PANGO:Front Assembly View
PANGO:Front Layers
PANGO:Inner Copper Layers
PANGO:No Layers
PANGO:---
PANGO:Save preset...
PANGO:Delete preset...
PANGO:---
PANGO:Save viewport...
PANGO:Delete viewport...
PANGO:---
PANGO:Save viewport...
PANGO:Delete viewport...
PANGO:Appearance
PANGO:Selection Filter
PANGO:Track: use netclass width
PANGO:Via: use netclass sizes
PANGO:---
GTK:Label Set Text 2:Clear Recent Files
GTK:Label Set Text 2:New...
GTK:Label Set Text 2:Open...
GTK:Label Set Text 2:_1 kibot__s3l1wiuw.kicad__pcb
GTK:Label Set Text 2:Clear Recent Files
GTK:Label Set Text 2:Open Recent
GTK:Label Set Text 2:_1 kibot__s3l1wiuw.kicad__pcb
GTK:Label Set Text 2:Clear Recent Files
GTK:Label Set Text 2:Append Board...
GTK:Label Set Text 2:Save
GTK:Label Set Text 2:Save As...
GTK:Label Set Text 2:Revert
GTK:Label Set Text 2:Resc_ue
GTK:Label Set Text 2:Netlist...
GTK:Label Set Text 2:Specctra Session...
GTK:Label Set Text 2:Graphics...
GTK:Label Set Text 2:Non-KiCad Board File...
GTK:Label Set Text 2:Import
GTK:Label Set Text 2:Netlist...
GTK:Label Set Text 2:Specctra Session...
GTK:Label Set Text 2:Graphics...
GTK:Label Set Text 2:Non-KiCad Board File...
GTK:Label Set Text 2:Specctra DSN...
GTK:Label Set Text 2:_GenCAD...
GTK:Label Set Text 2:_VRML...
GTK:Label Set Text 2:IDFv3...
GTK:Label Set Text 2:STEP / GLB / BREP / XAO / PLY / STL...
GTK:Label Set Text 2:Footprint Association (.cmp) File...
GTK:Label Set Text 2:Hyperlynx...
GTK:Label Set Text 2:Footprints to Library...
GTK:Label Set Text 2:Footprints to New Library...
GTK:Label Set Text 2:E_xport
GTK:Label Set Text 2:Specctra DSN...
GTK:Label Set Text 2:_GenCAD...
GTK:Label Set Text 2:_VRML...
GTK:Label Set Text 2:IDFv3...
GTK:Label Set Text 2:STEP / GLB / BREP / XAO / PLY / STL...
GTK:Label Set Text 2:Footprint Association (.cmp) File...
GTK:Label Set Text 2:Hyperlynx...
GTK:Label Set Text 2:Footprints to Library...
GTK:Label Set Text 2:Footprints to New Library...
GTK:Label Set Text 2:Gerbers (.gbr)...
GTK:Label Set Text 2:Drill Files (.drl)...
GTK:Label Set Text 2:IPC-2581 File (.xml)...
GTK:Label Set Text 2:ODB++ Output File...
GTK:Label Set Text 2:Component Placement (.pos, .gbr)...
GTK:Label Set Text 2:Footprint Report (.rpt)...
GTK:Label Set Text 2:_IPC-D-356 Netlist File...
GTK:Label Set Text 2:Bill of Materials...
GTK:Label Set Text 2:Fabrication Outputs
GTK:Label Set Text 2:Gerbers (.gbr)...
GTK:Label Set Text 2:Drill Files (.drl)...
GTK:Label Set Text 2:IPC-2581 File (.xml)...
GTK:Label Set Text 2:ODB++ Output File...
GTK:Label Set Text 2:Component Placement (.pos, .gbr)...
GTK:Label Set Text 2:Footprint Report (.rpt)...
GTK:Label Set Text 2:_IPC-D-356 Netlist File...
GTK:Label Set Text 2:Bill of Materials...
GTK:Label Set Text 2:Board Setup...
GTK:Label Set Text 2:Page Settings...
GTK:Label Set Text 2:Print...
GTK:Label Set Text 2:Plot...
GTK:Label Set Text 2:Quit
GTK:Label Set Text 2:Undo
GTK:Label Set Text 2:Redo
GTK:Label Set Text 2:Cut
GTK:Label Set Text 2:Copy
GTK:Label Set Text 2:Paste
GTK:Label Set Text 2:Paste Special...
GTK:Label Set Text 2:Delete
GTK:Label Set Text 2:Select All
GTK:Label Set Text 2:Unselect All
GTK:Label Set Text 2:Find
GTK:Label Set Text 2:Edit Track & Via Properties...
GTK:Label Set Text 2:Edit Text & Graphics Properties...
GTK:Label Set Text 2:Edit Teardrops...
GTK:Label Set Text 2:Change Footprints...
GTK:Label Set Text 2:Swap Layers...
GTK:Label Set Text 2:Grid Origin...
GTK:Label Set Text 2:Fill All Zones
GTK:Label Set Text 2:Unfill All Zones
GTK:Label Set Text 2:Update All Tuning Patterns
GTK:Label Set Text 2:Interactive Delete Tool
GTK:Label Set Text 2:Global Deletions...
GTK:Label Set Text 2:Properties
GTK:Label Set Text 2:Search
GTK:Label Set Text 2:Appearance
GTK:Label Set Text 2:Net Inspector
GTK:Label Set Text 2:Panels
GTK:Label Set Text 2:Properties
GTK:Label Set Text 2:Search
GTK:Label Set Text 2:Appearance
GTK:Label Set Text 2:Net Inspector
GTK:Label Set Text 2:Footprint Library Browser
GTK:Label Set Text 2:3D Viewer
KiAuto:Waiting for `['GLX:Swap']` starts=True times=1
GTK:Label Set Text 2:Zoom In
GTK:Label Set Text 2:Zoom Out
GTK:Label Set Text 2:Zoom to Fit
GTK:Label Set Text 2:Zoom to Objects
GTK:Label Set Text 2:Zoom to Selection
GTK:Label Set Text 2:Refresh
GTK:Label Set Text 2:Draw Zone Fills
GTK:Label Set Text 2:Draw Zone Outlines
GTK:Label Set Text 2:Sketch Pads
GTK:Label Set Text 2:Sketch Vias
GTK:Label Set Text 2:Sketch Tracks
GTK:Label Set Text 2:Sketch Graphic Items
GTK:Label Set Text 2:Sketch Text Items
GTK:Label Set Text 2:_Drawing Mode
GTK:Label Set Text 2:Draw Zone Fills
GTK:Label Set Text 2:Draw Zone Outlines
GTK:Label Set Text 2:Sketch Pads
GTK:Label Set Text 2:Sketch Vias
GTK:Label Set Text 2:Sketch Tracks
GTK:Label Set Text 2:Sketch Graphic Items
GTK:Label Set Text 2:Sketch Text Items
GTK:Label Set Text 2:Inactive Layer View Mode
GTK:Label Set Text 2:Decrease Layer Opacity
GTK:Label Set Text 2:Increase Layer Opacity
GTK:Label Set Text 2:_Contrast Mode
GTK:Label Set Text 2:Inactive Layer View Mode
GTK:Label Set Text 2:Decrease Layer Opacity
GTK:Label Set Text 2:Increase Layer Opacity
GTK:Label Set Text 2:Flip Board View
GTK:Label Set Text 2:Place Footprints
GTK:Label Set Text 2:Place Vias
GTK:Label Set Text 2:Draw Filled Zones
GTK:Label Set Text 2:Draw Rule Areas
GTK:Label Set Text 2:Draw Microwave Lines
GTK:Label Set Text 2:Draw Microwave Gaps
GTK:Label Set Text 2:Draw Microwave Stubs
GTK:Label Set Text 2:Draw Microwave Arc Stubs
GTK:Label Set Text 2:Draw Microwave Polygonal Shapes
GTK:Label Set Text 2:Draw Microwave Shapes
GTK:Label Set Text 2:Draw Microwave Lines
GTK:Label Set Text 2:Draw Microwave Gaps
GTK:Label Set Text 2:Draw Microwave Stubs
GTK:Label Set Text 2:Draw Microwave Arc Stubs
GTK:Label Set Text 2:Draw Microwave Polygonal Shapes
GTK:Label Set Text 2:Draw Lines
GTK:Label Set Text 2:Draw Arcs
GTK:Label Set Text 2:Draw Rectangles
GTK:Label Set Text 2:Draw Circles
GTK:Label Set Text 2:Draw Polygons
GTK:Label Set Text 2:Draw Bezier Curve
GTK:Label Set Text 2:Place Reference Images
GTK:Label Set Text 2:Draw Text
GTK:Label Set Text 2:Draw Text Boxes
GTK:Label Set Text 2:Draw Tables
GTK:Label Set Text 2:Draw Orthogonal Dimensions
GTK:Label Set Text 2:Draw Aligned Dimensions
GTK:Label Set Text 2:Draw Center Dimensions
GTK:Label Set Text 2:Draw Radial Dimensions
GTK:Label Set Text 2:Draw Leaders
GTK:Label Set Text 2:Draw Dimensions
GTK:Label Set Text 2:Draw Orthogonal Dimensions
GTK:Label Set Text 2:Draw Aligned Dimensions
GTK:Label Set Text 2:Draw Center Dimensions
GTK:Label Set Text 2:Draw Radial Dimensions
GTK:Label Set Text 2:Draw Leaders
GTK:Label Set Text 2:Add Board Characteristics
GTK:Label Set Text 2:Add Stackup Table
GTK:Label Set Text 2:Drill/Place File Origin
GTK:Label Set Text 2:Reset Drill Origin
GTK:Label Set Text 2:Grid Origin
GTK:Label Set Text 2:Reset Grid Origin
GTK:Label Set Text 2:Place Off-Board Footprints
GTK:Label Set Text 2:Place Selected Footprints
GTK:Label Set Text 2:Auto-Place Footprints
GTK:Label Set Text 2:Place Off-Board Footprints
GTK:Label Set Text 2:Place Selected Footprints
GTK:Label Set Text 2:Set Layer Pair...
GTK:Label Set Text 2:Route Single Track
GTK:Label Set Text 2:Route Differential Pair
GTK:Label Set Text 2:Tune Length of a Single Track
GTK:Label Set Text 2:Tune Length of a Differential Pair
GTK:Label Set Text 2:Tune Skew of a Differential Pair
GTK:Label Set Text 2:Interactive Router Settings...
GTK:Label Set Text 2:Show Board Statistics
GTK:Label Set Text 2:Measure Tool
GTK:Label Set Text 2:Design Rules Checker
GTK:Label Set Text 2:Previous Marker
GTK:Label Set Text 2:Next Marker
GTK:Label Set Text 2:Exclude Marker
GTK:Label Set Text 2:Clearance Resolution
GTK:Label Set Text 2:Constraints Resolution
GTK:Label Set Text 2:Show Footprint Associations
GTK:Label Set Text 2:Compare Footprint with Library
GTK:Label Set Text 2:Update PCB from Schematic...
GTK:Label Set Text 2:Switch to Schematic Editor
GTK:Label Set Text 2:Footprint Editor
GTK:Label Set Text 2:Update Footprints from Library...
GTK:Label Set Text 2:Zone Manager
GTK:Label Set Text 2:Cleanup Tracks & Vias...
GTK:Label Set Text 2:Remove Unused Pads...
GTK:Label Set Text 2:Cleanup Graphics...
GTK:Label Set Text 2:Repair Board
GTK:Label Set Text 2:Geographical Reannotate...
GTK:Label Set Text 2:Update Schematic from PCB...
GTK:Label Set Text 2:Scripting Console
GTK:Label Set Text 2:Generate Placement Rule Areas...
GTK:Label Set Text 2:Repeat Layout...
GTK:Label Set Text 2:Multi-Channel
GTK:Label Set Text 2:Generate Placement Rule Areas...
GTK:Label Set Text 2:Repeat Layout...
GTK:Label Set Text 2:Refresh Plugins
GTK:Label Set Text 2:Open Plugin Directory
GTK:Label Set Text 2:Generate Interactive HTML BOM
GTK:Label Set Text 2:KiKit: Show/hide references
GTK:Label Set Text 2:KiKit: Panelize PCB
GTK:Label Set Text 2:External Plugins
GTK:Label Set Text 2:Refresh Plugins
GTK:Label Set Text 2:Open Plugin Directory
GTK:Label Set Text 2:Generate Interactive HTML BOM
GTK:Label Set Text 2:KiKit: Show/hide references
GTK:Label Set Text 2:KiKit: Panelize PCB
GTK:Label Set Text 2:Configure Paths...
GTK:Label Set Text 2:Manage Footprint Libraries...
GTK:Label Set Text 2:Preferences...
GTK:Label Set Text 2:Default
GTK:Label Set Text 2:Čeština
GTK:Label Set Text 2:Deutsch
GTK:Label Set Text 2:Ελληνικά
GTK:Label Set Text 2:English
GTK:Label Set Text 2:Español
GTK:Label Set Text 2:Español (Latinoamericano)
GTK:Label Set Text 2:Français
GTK:Label Set Text 2:한국어
GTK:Label Set Text 2:Italiano
GTK:Label Set Text 2:Nederlands
GTK:Label Set Text 2:日本語
GTK:Label Set Text 2:ภาษาไทย
GTK:Label Set Text 2:Polski
GTK:Label Set Text 2:Português
GTK:Label Set Text 2:Português (Brasil)
GTK:Label Set Text 2:Русский
GTK:Label Set Text 2:Suomi
GTK:Label Set Text 2:Svenska
GTK:Label Set Text 2:Українська
GTK:Label Set Text 2:简体中文
GTK:Label Set Text 2:繁體中文
GTK:Label Set Text 2:Set Language
GTK:Label Set Text 2:Default
GTK:Label Set Text 2:Čeština
GTK:Label Set Text 2:Deutsch
GTK:Label Set Text 2:Ελληνικά
GTK:Label Set Text 2:English
GTK:Label Set Text 2:Español
GTK:Label Set Text 2:Español (Latinoamericano)
GTK:Label Set Text 2:Français
GTK:Label Set Text 2:한국어
GTK:Label Set Text 2:Italiano
GTK:Label Set Text 2:Nederlands
GTK:Label Set Text 2:日本語
GTK:Label Set Text 2:ภาษาไทย
GTK:Label Set Text 2:Polski
GTK:Label Set Text 2:Português
GTK:Label Set Text 2:Português (Brasil)
GTK:Label Set Text 2:Русский
GTK:Label Set Text 2:Suomi
GTK:Label Set Text 2:Svenska
GTK:Label Set Text 2:Українська
GTK:Label Set Text 2:简体中文
GTK:Label Set Text 2:繁體中文
GTK:Label Set Text 2:Help
GTK:Label Set Text 2:Getting Started with KiCad
GTK:Label Set Text 2:List Hotkeys...
GTK:Label Set Text 2:Get Involved
GTK:Label Set Text 2:Donate
GTK:Label Set Text 2:Report Bug
GTK:Label Set Text 2:About KiCad
PANGO:File
PANGO:Edit
PANGO:View
PANGO:Place
PANGO:Route
PANGO:Inspect
PANGO:Tools
PANGO:Preferences
PANGO:Help
PANGO:Track: use netclass width
PANGO:---
PANGO:Edit Pre-defined Sizes...
PANGO:Track: use netclass width
PANGO:---
PANGO:Edit Pre-defined Sizes...
PANGO:Via: use netclass sizes
PANGO:---
PANGO:Edit Pre-defined Sizes...
PANGO:Via: use netclass sizes
PANGO:---
PANGO:Edit Pre-defined Sizes...
PANGO:F.Cu (PgUp)
PANGO:B.Cu (PgDn)
PANGO:F.Adhesive
PANGO:B.Adhesive
PANGO:F.Paste
PANGO:B.Paste
PANGO:F.Silkscreen
PANGO:B.Silkscreen
PANGO:F.Mask
PANGO:B.Mask
PANGO:User.Drawings
PANGO:User.Comments
PANGO:User.Eco1
PANGO:User.Eco2
PANGO:Edge.Cuts
PANGO:Margin
PANGO:F.Courtyard
PANGO:B.Courtyard
PANGO:F.Fab
PANGO:B.Fab
PANGO:User.1
PANGO:User.2
PANGO:User.3
PANGO:User.4
PANGO:User.5
PANGO:User.6
PANGO:User.7
PANGO:User.8
PANGO:User.9
PANGO:F.Cu (PgUp)
PANGO:B.Cu (PgDn)
PANGO:F.Adhesive
PANGO:B.Adhesive
PANGO:F.Paste
PANGO:B.Paste
PANGO:F.Silkscreen
PANGO:B.Silkscreen
PANGO:F.Mask
PANGO:B.Mask
PANGO:User.Drawings
PANGO:User.Comments
PANGO:User.Eco1
PANGO:User.Eco2
PANGO:Edge.Cuts
PANGO:Margin
PANGO:F.Courtyard
PANGO:B.Courtyard
PANGO:F.Fab
PANGO:B.Fab
PANGO:User.1
PANGO:User.2
PANGO:User.3
PANGO:User.4
PANGO:User.5
PANGO:User.6
PANGO:User.7
PANGO:User.8
PANGO:User.9
PANGO:25.4000 mm (1000.00 mils)
PANGO:12.7000 mm (500.00 mils)
PANGO:6.3500 mm (250.00 mils)
PANGO:5.0800 mm (200.00 mils)
PANGO:2.5400 mm (100.00 mils)
PANGO:1.2700 mm (50.00 mils)
PANGO:0.6350 mm (25.00 mils)
PANGO:0.5080 mm (20.00 mils)
PANGO:0.2540 mm (10.00 mils)
PANGO:0.1270 mm (5.00 mils)
PANGO:0.0508 mm (2.00 mils)
PANGO:0.0254 mm (1.00 mils)
PANGO:5.0000 mm (196.85 mils)
PANGO:2.5000 mm (98.43 mils)
PANGO:1.0000 mm (39.37 mils)
PANGO:0.5000 mm (19.69 mils)
PANGO:0.2500 mm (9.84 mils)
PANGO:0.2000 mm (7.87 mils)
PANGO:0.1000 mm (3.94 mils)
PANGO:0.0500 mm (1.97 mils)
PANGO:0.0250 mm (0.98 mils)
PANGO:0.0100 mm (0.39 mils)
PANGO:---
PANGO:Edit Grids...
PANGO:25.4000 mm (1000.00 mils)
PANGO:12.7000 mm (500.00 mils)
PANGO:6.3500 mm (250.00 mils)
PANGO:5.0800 mm (200.00 mils)
PANGO:2.5400 mm (100.00 mils)
PANGO:1.2700 mm (50.00 mils)
PANGO:0.6350 mm (25.00 mils)
PANGO:0.5080 mm (20.00 mils)
PANGO:0.2540 mm (10.00 mils)
PANGO:0.1270 mm (5.00 mils)
PANGO:0.0508 mm (2.00 mils)
PANGO:0.0254 mm (1.00 mils)
PANGO:5.0000 mm (196.85 mils)
PANGO:2.5000 mm (98.43 mils)
PANGO:1.0000 mm (39.37 mils)
PANGO:0.5000 mm (19.69 mils)
PANGO:0.2500 mm (9.84 mils)
PANGO:0.2000 mm (7.87 mils)
PANGO:0.1000 mm (3.94 mils)
PANGO:0.0500 mm (1.97 mils)
PANGO:0.0250 mm (0.98 mils)
PANGO:0.0100 mm (0.39 mils)
PANGO:---
PANGO:Edit Grids...
PANGO:Zoom Auto
PANGO:Zoom 0.13
PANGO:Zoom 0.22
PANGO:Zoom 0.35
PANGO:Zoom 0.60
PANGO:Zoom 1.00
PANGO:Zoom 1.50
PANGO:Zoom 2.20
PANGO:Zoom 3.50
PANGO:Zoom 5.00
PANGO:Zoom 8.00
PANGO:Zoom 13.00
PANGO:Zoom 20.00
PANGO:Zoom 35.00
PANGO:Zoom 50.00
PANGO:Zoom 80.00
PANGO:Zoom 130.00
PANGO:Zoom 220.00
PANGO:Zoom 300.00
PANGO:Zoom Auto
PANGO:Zoom 0.13
PANGO:Zoom 0.22
PANGO:Zoom 0.35
PANGO:Zoom 0.60
PANGO:Zoom 1.00
PANGO:Zoom 1.50
PANGO:Zoom 2.20
PANGO:Zoom 3.50
PANGO:Zoom 5.00
PANGO:Zoom 8.00
PANGO:Zoom 13.00
PANGO:Zoom 20.00
PANGO:Zoom 35.00
PANGO:Zoom 50.00
PANGO:Zoom 80.00
PANGO:Zoom 130.00
PANGO:Zoom 220.00
PANGO:Zoom 300.00
PANGO:All Copper Layers
PANGO:All Layers
PANGO:Back Assembly View
PANGO:Back Layers
PANGO:Front Assembly View
PANGO:Front Layers
PANGO:Inner Copper Layers
PANGO:No Layers
PANGO:---
PANGO:Save preset...
PANGO:Delete preset...
PANGO:All Copper Layers
PANGO:All Layers
PANGO:Back Assembly View
PANGO:Back Layers
PANGO:Front Assembly View
PANGO:Front Layers
PANGO:Inner Copper Layers
PANGO:No Layers
PANGO:---
PANGO:Save preset...
PANGO:Delete preset...
PANGO:---
PANGO:Save viewport...
PANGO:Delete viewport...
PANGO:---
PANGO:Save viewport...
PANGO:Delete viewport...
PANGO:Track: use netclass width
PANGO:---
PANGO:Edit Pre-defined Sizes...
PANGO:Track: use netclass width
PANGO:---
PANGO:Edit Pre-defined Sizes...
PANGO:Via: use netclass sizes
PANGO:---
PANGO:Edit Pre-defined Sizes...
PANGO:Via: use netclass sizes
PANGO:---
PANGO:Edit Pre-defined Sizes...
PANGO:F.Cu (PgUp)
PANGO:B.Cu (PgDn)
PANGO:F.Adhesive
PANGO:B.Adhesive
PANGO:F.Paste
PANGO:B.Paste
PANGO:F.Silkscreen
PANGO:B.Silkscreen
PANGO:F.Mask
PANGO:B.Mask
PANGO:User.Drawings
PANGO:User.Comments
PANGO:User.Eco1
PANGO:User.Eco2
PANGO:Edge.Cuts
PANGO:Margin
PANGO:F.Courtyard
PANGO:B.Courtyard
PANGO:F.Fab
PANGO:B.Fab
PANGO:User.1
PANGO:User.2
PANGO:User.3
PANGO:User.4
PANGO:User.5
PANGO:User.6
PANGO:User.7
PANGO:User.8
PANGO:User.9
PANGO:F.Cu (PgUp)
PANGO:B.Cu (PgDn)
PANGO:F.Adhesive
PANGO:B.Adhesive
PANGO:F.Paste
PANGO:B.Paste
PANGO:F.Silkscreen
PANGO:B.Silkscreen
PANGO:F.Mask
PANGO:B.Mask
PANGO:User.Drawings
PANGO:User.Comments
PANGO:User.Eco1
PANGO:User.Eco2
PANGO:Edge.Cuts
PANGO:Margin
PANGO:F.Courtyard
PANGO:B.Courtyard
PANGO:F.Fab
PANGO:B.Fab
PANGO:User.1
PANGO:User.2
PANGO:User.3
PANGO:User.4
PANGO:User.5
PANGO:User.6
PANGO:User.7
PANGO:User.8
PANGO:User.9
PANGO:All Copper Layers
PANGO:All Layers
PANGO:Back Assembly View
PANGO:Back Layers
PANGO:Front Assembly View
PANGO:Front Layers
PANGO:Inner Copper Layers
PANGO:No Layers
PANGO:---
PANGO:Save preset...
PANGO:Delete preset...
PANGO:All Copper Layers
PANGO:All Layers
PANGO:Back Assembly View
PANGO:Back Layers
PANGO:Front Assembly View
PANGO:Front Layers
PANGO:Inner Copper Layers
PANGO:No Layers
PANGO:---
PANGO:Save preset...
PANGO:Delete preset...
PANGO:---
PANGO:Save viewport...
PANGO:Delete viewport...
PANGO:---
PANGO:Save viewport...
PANGO:Delete viewport...
PANGO:Appearance
PANGO:Selection Filter
PANGO:Pads
PANGO:61
PANGO:Vias
PANGO:152
PANGO:Track Segments
PANGO:193
PANGO:Nets
PANGO:18
PANGO:Unrouted
PANGO:0
PANGO:Track: use netclass width
PANGO:Via: use netclass sizes
PANGO:F.Cu (PgUp)
PANGO:Layer Display Options
PANGO:---
PANGO:Z 0.54
PANGO:X 0.0000  Y 0.0000
PANGO:dx 0.0000  dy 0.0000  dist 0.0000
PANGO:grid 0.5000
PANGO:mm
PANGO:Appearance
PANGO:Selection Filter
PANGO:Track: use netclass width
PANGO:Via: use netclass sizes
PANGO:F.Cu (PgUp)
PANGO:Appearance
PANGO:Selection Filter
PANGO:Appearance
PANGO:Selection Filter
PANGO:Appearance
PANGO:Selection Filter
PANGO:Pads
PANGO:61
PANGO:Vias
PANGO:152
PANGO:Track Segments
PANGO:193
PANGO:Nets
PANGO:18
PANGO:Unrouted
PANGO:0
PANGO:Track: use netclass width
PANGO:Via: use netclass sizes
PANGO:F.Cu (PgUp)
PANGO:Layer Display Options
PANGO:---
PANGO:Z 0.54
PANGO:X 0.0000  Y 0.0000
PANGO:dx 0.0000  dy 0.0000  dist 0.0000
PANGO:grid 0.5000
PANGO:mm
PANGO:Appearance
PANGO:Selection Filter
PANGO:Appearance
PANGO:Selection Filter
PANGO:Track: use netclass width
PANGO:Via: use netclass sizes
PANGO:F.Cu (PgUp)
PANGO:Appearance
PANGO:Selection Filter
PANGO:Appearance
PANGO:Selection Filter
PANGO:All Copper Layers
PANGO:All Layers
PANGO:Back Assembly View
PANGO:Back Layers
PANGO:Front Assembly View
PANGO:Front Layers
PANGO:Inner Copper Layers
PANGO:No Layers
PANGO:---
PANGO:Save preset...
PANGO:Delete preset...
PANGO:All Copper Layers
PANGO:All Layers
PANGO:Back Assembly View
PANGO:Back Layers
PANGO:Front Assembly View
PANGO:Front Layers
PANGO:Inner Copper Layers
PANGO:No Layers
PANGO:---
PANGO:Save preset...
PANGO:Delete preset...
PANGO:---
PANGO:Save viewport...
PANGO:Delete viewport...
PANGO:---
PANGO:Save viewport...
PANGO:Delete viewport...
PANGO:All Copper Layers
PANGO:All Layers
PANGO:Back Assembly View
PANGO:Back Layers
PANGO:Front Assembly View
PANGO:Front Layers
PANGO:Inner Copper Layers
PANGO:No Layers
PANGO:---
PANGO:Save preset...
PANGO:Delete preset...
PANGO:All Copper Layers
PANGO:All Layers
PANGO:Back Assembly View
PANGO:Back Layers
PANGO:Front Assembly View
PANGO:Front Layers
PANGO:Inner Copper Layers
PANGO:No Layers
PANGO:---
PANGO:Save preset...
PANGO:Delete preset...
PANGO:---
PANGO:Save viewport...
PANGO:Delete viewport...
PANGO:---
PANGO:Save viewport...
PANGO:Delete viewport...
PANGO:Appearance
PANGO:Selection Filter
PANGO:---
PANGO:All Copper Layers
PANGO:All Layers
PANGO:Back Assembly View
PANGO:Back Layers
PANGO:Front Assembly View
PANGO:Front Layers
PANGO:Inner Copper Layers
PANGO:No Layers
PANGO:---
PANGO:Save preset...
PANGO:Delete preset...
PANGO:All Copper Layers
PANGO:All Layers
PANGO:Back Assembly View
PANGO:Back Layers
PANGO:Front Assembly View
PANGO:Front Layers
PANGO:Inner Copper Layers
PANGO:No Layers
PANGO:---
PANGO:Save preset...
PANGO:Delete preset...
PANGO:---
PANGO:Save viewport...
PANGO:Delete viewport...
PANGO:---
PANGO:Save viewport...
PANGO:Delete viewport...
PANGO:All Copper Layers
PANGO:All Layers
PANGO:Back Assembly View
PANGO:Back Layers
PANGO:Front Assembly View
PANGO:Front Layers
PANGO:Inner Copper Layers
PANGO:No Layers
PANGO:---
PANGO:Save preset...
PANGO:Delete preset...
PANGO:All Copper Layers
PANGO:All Layers
PANGO:Back Assembly View
PANGO:Back Layers
PANGO:Front Assembly View
PANGO:Front Layers
PANGO:Inner Copper Layers
PANGO:No Layers
PANGO:---
PANGO:Save preset...
PANGO:Delete preset...
PANGO:---
PANGO:Save viewport...
PANGO:Delete viewport...
PANGO:---
PANGO:Save viewport...
PANGO:Delete viewport...
PANGO:Appearance
PANGO:Selection Filter
PANGO:---
PANGO:All Copper Layers
KiAuto:Waiting for `['GLX:Swap']` starts=True times=1
PANGO:All Layers
PANGO:Back Assembly View
PANGO:Back Layers
PANGO:Front Assembly View
PANGO:Front Layers
PANGO:Inner Copper Layers
PANGO:No Layers
PANGO:---
PANGO:Save preset...
PANGO:Delete preset...
PANGO:All Copper Layers
PANGO:All Layers
PANGO:Back Assembly View
PANGO:Back Layers
PANGO:Front Assembly View
PANGO:Front Layers
PANGO:Inner Copper Layers
PANGO:No Layers
PANGO:---
PANGO:Save preset...
PANGO:Delete preset...
PANGO:---
PANGO:Save viewport...
PANGO:Delete viewport...
PANGO:---
PANGO:Save viewport...
PANGO:Delete viewport...
PANGO:All Copper Layers
PANGO:All Layers
PANGO:Back Assembly View
PANGO:Back Layers
PANGO:Front Assembly View
PANGO:Front Layers
PANGO:Inner Copper Layers
PANGO:No Layers
PANGO:---
PANGO:Save preset...
PANGO:Delete preset...
PANGO:All Copper Layers
PANGO:All Layers
PANGO:Back Assembly View
PANGO:Back Layers
PANGO:Front Assembly View
PANGO:Front Layers
PANGO:Inner Copper Layers
PANGO:No Layers
PANGO:---
PANGO:Save preset...
PANGO:Delete preset...
PANGO:---
PANGO:Save viewport...
PANGO:Delete viewport...
PANGO:---
PANGO:Save viewport...
PANGO:Delete viewport...
PANGO:Appearance
PANGO:Selection Filter
PANGO:---
PANGO:Appearance
PANGO:Selection Filter
PANGO:Appearance
PANGO:Selection Filter
PANGO:Appearance
PANGO:Selection Filter
PANGO:Appearance
PANGO:Selection Filter
PANGO:Appearance
PANGO:Selection Filter
PANGO:Appearance
KiAuto:Waiting for `['GLX:Swap']` starts=True times=1
PANGO:Selection Filter
PANGO:Appearance
PANGO:Selection Filter
PANGO:Appearance
PANGO:Selection Filter
PANGO:Appearance
PANGO:Selection Filter
PANGO:Appearance
PANGO:Selection Filter
PANGO:Appearance
PANGO:Selection Filter
PANGO:Appearance
KiAuto:Waiting for `['GLX:Swap']` starts=True times=1
PANGO:Selection Filter
IO:open:/root/.local/share/recently-used.xbel
IO:open64:0x397DF610
IO:close:/root/.local/share/recently-used.xbel
PANGO:Appearance
PANGO:Selection Filter
PANGO:Appearance
PANGO:Selection Filter
PANGO:Appearance
PANGO:Selection Filter
PANGO:Appearance
PANGO:Selection Filter
PANGO:Appearance
PANGO:Selection Filter
PANGO:Appearance
PANGO:Selection Filter
PANGO:Appearance
KiAuto:Waiting for `['GLX:Swap']` starts=True times=1
PANGO:Selection Filter
KiAuto:Waiting for `['GTK:Window Show:3D Viewer', 'GTK:Window Title:KiCad PCB Editor Information', 'GTK:Window Title:KiCad PCB Editor Warning', 'GTK:Window Title:KiCad Schematic Editor Information', 'GTK:Window Title:KiCad Schematic Editor Warning']` starts=False times=1
IO:open:/usr/share/X11/xkb/rules/evdev
IO:fopen64:rb
IO:close:/usr/share/X11/xkb/rules/evdev
IO:open:/usr/share/X11/xkb/keycodes/evdev
IO:fopen64:rb
IO:close:/usr/share/X11/xkb/keycodes/evdev
IO:open:/usr/share/X11/xkb/keycodes/aliases
IO:fopen64:rb
IO:close:/usr/share/X11/xkb/keycodes/aliases
IO:open:/usr/share/X11/xkb/types/complete
IO:fopen64:rb
IO:close:/usr/share/X11/xkb/types/complete
IO:open:/usr/share/X11/xkb/types/basic
IO:fopen64:rb
IO:close:/usr/share/X11/xkb/types/basic
IO:open:/usr/share/X11/xkb/types/pc
IO:fopen64:rb
IO:close:/usr/share/X11/xkb/types/pc
IO:open:/usr/share/X11/xkb/types/iso9995
IO:fopen64:rb
IO:close:/usr/share/X11/xkb/types/iso9995
IO:open:/usr/share/X11/xkb/types/extra
IO:fopen64:rb
IO:close:/usr/share/X11/xkb/types/extra
IO:open:/usr/share/X11/xkb/types/level5
IO:fopen64:rb
IO:close:/usr/share/X11/xkb/types/level5
IO:open:/usr/share/X11/xkb/types/numpad
IO:fopen64:rb
IO:close:/usr/share/X11/xkb/types/numpad
IO:open:/usr/share/X11/xkb/types/mousekeys
IO:fopen64:rb
IO:close:/usr/share/X11/xkb/types/mousekeys
IO:open:/usr/share/X11/xkb/compat/complete
IO:fopen64:rb
IO:close:/usr/share/X11/xkb/compat/complete
IO:open:/usr/share/X11/xkb/compat/basic
IO:fopen64:rb
IO:close:/usr/share/X11/xkb/compat/basic
IO:open:/usr/share/X11/xkb/compat/ledcaps
IO:fopen64:rb
IO:close:/usr/share/X11/xkb/compat/ledcaps
IO:open:/usr/share/X11/xkb/compat/lednum
IO:fopen64:rb
IO:close:/usr/share/X11/xkb/compat/lednum
IO:open:/usr/share/X11/xkb/compat/iso9995
IO:fopen64:rb
IO:close:/usr/share/X11/xkb/compat/iso9995
IO:open:/usr/share/X11/xkb/compat/mousekeys
IO:fopen64:rb
IO:close:/usr/share/X11/xkb/compat/mousekeys
IO:open:/usr/share/X11/xkb/compat/accessx
IO:fopen64:rb
IO:close:/usr/share/X11/xkb/compat/accessx
IO:open:/usr/share/X11/xkb/compat/misc
IO:fopen64:rb
IO:close:/usr/share/X11/xkb/compat/misc
IO:open:/usr/share/X11/xkb/compat/ledscroll
IO:fopen64:rb
IO:close:/usr/share/X11/xkb/compat/ledscroll
IO:open:/usr/share/X11/xkb/compat/misc
IO:fopen64:rb
IO:close:/usr/share/X11/xkb/compat/misc
IO:open:/usr/share/X11/xkb/compat/misc
IO:fopen64:rb
IO:close:/usr/share/X11/xkb/compat/misc
IO:open:/usr/share/X11/xkb/compat/xfree86
IO:fopen64:rb
IO:close:/usr/share/X11/xkb/compat/xfree86
IO:open:/usr/share/X11/xkb/compat/level5
IO:fopen64:rb
IO:close:/usr/share/X11/xkb/compat/level5
IO:open:/usr/share/X11/xkb/compat/caps
IO:fopen64:rb
IO:close:/usr/share/X11/xkb/compat/caps
IO:open:/usr/share/X11/xkb/symbols/pc
IO:fopen64:rb
IO:close:/usr/share/X11/xkb/symbols/pc
IO:open:/usr/share/X11/xkb/symbols/srvr_ctrl
IO:fopen64:rb
IO:close:/usr/share/X11/xkb/symbols/srvr_ctrl
IO:open:/usr/share/X11/xkb/symbols/keypad
IO:fopen64:rb
IO:close:/usr/share/X11/xkb/symbols/keypad
IO:open:/usr/share/X11/xkb/symbols/keypad
IO:fopen64:rb
IO:close:/usr/share/X11/xkb/symbols/keypad
IO:open:/usr/share/X11/xkb/symbols/us
IO:fopen64:rb
IO:close:/usr/share/X11/xkb/symbols/us
IO:open:/usr/share/X11/xkb/symbols/inet
IO:fopen64:rb
IO:close:/usr/share/X11/xkb/symbols/inet
GTK:Window Title:3D Viewer
PANGO:H
GTK:Label Set Text 2:Presets (Ctrl+Tab):
PANGO:Presets (Ctrl+Tab):
PANGO:Follow PCB Editor
PANGO:Follow PCB Plot Settings
PANGO:Follow PCB Editor
PANGO:Follow PCB Plot Settings
PANGO:Follow PCB Editor
PANGO:Follow PCB Plot Settings
GTK:Label Set Text 2:Viewports (Alt+Tab):
PANGO:Viewports (Alt+Tab):
PANGO:(unsaved)
PANGO:Presets (Ctrl+Tab):
PANGO:Viewports (Alt+Tab):
GTK:Label Set Text 2:Use board stackup colors
PANGO:Use board stackup colors
GTK:Label Set Text 2:Use PCB editor copper colors
PANGO:Use PCB editor copper colors
GTK:Label Set Text 2:Board Body
PANGO:Board Body
GTK:Label Set Text 2:F.Cu
PANGO:F.Cu
GTK:Label Set Text 2:B.Cu
PANGO:B.Cu
GTK:Label Set Text 2:Adhesive
PANGO:Adhesive
GTK:Label Set Text 2:Solder Paste
PANGO:Solder Paste
GTK:Label Set Text 2:F.Silkscreen
PANGO:F.Silkscreen
GTK:Label Set Text 2:B.Silkscreen
PANGO:B.Silkscreen
GTK:Label Set Text 2:F.Mask
PANGO:F.Mask
GTK:Label Set Text 2:B.Mask
PANGO:B.Mask
GTK:Label Set Text 2:User.Drawings
PANGO:User.Drawings
GTK:Label Set Text 2:User.Comments
PANGO:User.Comments
GTK:Label Set Text 2:User.Eco1
PANGO:User.Eco1
GTK:Label Set Text 2:User.Eco2
PANGO:User.Eco2
GTK:Label Set Text 2:User.1
PANGO:User.1
GTK:Label Set Text 2:User.2
PANGO:User.2
GTK:Label Set Text 2:User.3
PANGO:User.3
GTK:Label Set Text 2:User.4
PANGO:User.4
GTK:Label Set Text 2:User.5
PANGO:User.5
GTK:Label Set Text 2:User.6
PANGO:User.6
GTK:Label Set Text 2:User.7
PANGO:User.7
GTK:Label Set Text 2:User.8
PANGO:User.8
GTK:Label Set Text 2:User.9
PANGO:User.9
GTK:Label Set Text 2:Through-hole Models
PANGO:Through-hole Models
GTK:Label Set Text 2:SMD Models
PANGO:SMD Models
GTK:Label Set Text 2:Virtual Models
PANGO:Virtual Models
GTK:Label Set Text 2:Models not in POS File
PANGO:Models not in POS File
GTK:Label Set Text 2:Models marked DNP
PANGO:Models marked DNP
GTK:Label Set Text 2:Model Bounding Boxes
PANGO:Model Bounding Boxes
GTK:Label Set Text 2:Values
PANGO:Values
GTK:Label Set Text 2:References
PANGO:References
GTK:Label Set Text 2:Footprint Text
PANGO:Footprint Text
GTK:Label Set Text 2:Off-board Silkscreen
PANGO:Off-board Silkscreen
GTK:Label Set Text 2:3D Axis
PANGO:3D Axis
GTK:Label Set Text 2:Background Start
PANGO:Background Start
GTK:Label Set Text 2:Background End
PANGO:Background End
GTK:Label Set Text 2:Use board stackup colors
GTK:Label Set Text 2:Viewports (Shift+Tab):
PANGO:Viewports (Shift+Tab):
IO:open:/root/.config/kicad/9.0/user.hotkeys
IO:fopen64:rb
IO:close:/root/.config/kicad/9.0/user.hotkeys
GTK:Window Show:3D Viewer
KiAuto:match
KiAuto:Waiting for `['PANGO:Reload time']` starts=True times=1
IO:open:/root/.cache/mesa_shader_cache_db/index
IO:open64:0x1A4
IO:close:/root/.cache/mesa_shader_cache_db/index
IO:open:/root/.cache/mesa_shader_cache_db/part0/mesa_cache.db
IO:open64:0x1A4
IO:open:/root/.cache/mesa_shader_cache_db/part0/mesa_cache.idx
IO:open64:0x1A4
IO:close:/root/.cache/mesa_shader_cache_db/part0/mesa_cache.idx
IO:close:/root/.cache/mesa_shader_cache_db/part0/mesa_cache.db
IO:open:/root/.cache/mesa_shader_cache_db/part0/mesa_cache.idx
IO:open64:0x1A4
IO:open:/root/.cache/mesa_shader_cache_db/part0/mesa_cache.db
IO:open64:0x1A4
IO:close:/root/.cache/mesa_shader_cache_db/part0/mesa_cache.idx
IO:close:/root/.cache/mesa_shader_cache_db/part0/mesa_cache.db
IO:open:/root/.cache/mesa_shader_cache_db/part0/mesa_cache.idx
IO:open64:0x1A4
IO:open:/root/.cache/mesa_shader_cache_db/part0/mesa_cache.db
IO:open64:0x1A4
IO:close:/root/.cache/mesa_shader_cache_db/part0/mesa_cache.idx
IO:close:/root/.cache/mesa_shader_cache_db/part0/mesa_cache.db
IO:open:/root/.cache/mesa_shader_cache_db/part0/mesa_cache.idx
IO:open64:0x1A4
IO:open:/root/.cache/mesa_shader_cache_db/part0/mesa_cache.db
IO:open64:0x1A4
IO:close:/root/.cache/mesa_shader_cache_db/part0/mesa_cache.idx
IO:close:/root/.cache/mesa_shader_cache_db/part0/mesa_cache.db
IO:open:/root/.cache/mesa_shader_cache_db/part0/mesa_cache.idx
IO:open64:0x1A4
IO:open:/root/.cache/mesa_shader_cache_db/part0/mesa_cache.db
IO:open64:0x1A4
IO:close:/root/.cache/mesa_shader_cache_db/part0/mesa_cache.idx
IO:close:/root/.cache/mesa_shader_cache_db/part0/mesa_cache.db
IO:open:/root/.cache/mesa_shader_cache_db/part0/mesa_cache.idx
IO:open64:0x1A4
IO:open:/root/.cache/mesa_shader_cache_db/part0/mesa_cache.db
IO:open64:0x1A4
IO:close:/root/.cache/mesa_shader_cache_db/part0/mesa_cache.idx
IO:close:/root/.cache/mesa_shader_cache_db/part0/mesa_cache.db
IO:open:/root/.cache/mesa_shader_cache_db/part0/mesa_cache.idx
IO:open64:0x1A4
IO:open:/root/.cache/mesa_shader_cache_db/part0/mesa_cache.db
IO:open64:0x1A4
IO:close:/root/.cache/mesa_shader_cache_db/part0/mesa_cache.idx
IO:close:/root/.cache/mesa_shader_cache_db/part0/mesa_cache.db
IO:open:/root/.icons/default/cursors/watch
IO:fopen:re
IO:open:/root/.icons/default/index.theme
IO:fopen:re
IO:open:/usr/share/icons/default/cursors/watch
IO:fopen:re
IO:open:/usr/share/icons/default/index.theme
IO:fopen:re
IO:open:/usr/share/pixmaps/default/cursors/watch
IO:fopen:re
IO:open:/usr/share/pixmaps/default/index.theme
IO:fopen:re
IO:open:/project/baumsatz/fp-lib-table
IO:fopen64:rt
IO:close:/project/baumsatz/fp-lib-table
IO:open:/root/.cache/kibot/3d/Resistor_SMD.3dshapes/R_1206_3216Metric.wrl
IO:fopen64:rb
IO:close:/root/.cache/kibot/3d/Resistor_SMD.3dshapes/R_1206_3216Metric.wrl
IO:open:/root/.cache/kicad/9.0/3d/4AD7E1CDF31106EDA2EB35DB0C97E236.3dc
IO:fopen:r
IO:close:/root/.cache/kicad/9.0/3d/4AD7E1CDF31106EDA2EB35DB0C97E236.3dc
IO:open:/root/.cache/kibot/3d/Capacitor_SMD.3dshapes/C_1206_3216Metric.wrl
IO:fopen64:rb
IO:close:/root/.cache/kibot/3d/Capacitor_SMD.3dshapes/C_1206_3216Metric.wrl
IO:open:/root/.cache/kicad/9.0/3d/1B5F879850B20B1DFBEC459DEF71C905.3dc
IO:fopen:r
IO:close:/root/.cache/kicad/9.0/3d/1B5F879850B20B1DFBEC459DEF71C905.3dc
IO:open:/root/.cache/kibot/3d/Battery.3dshapes/BatteryHolder_Keystone_1060_1x2032.wrl
IO:fopen64:rb
IO:close:/root/.cache/kibot/3d/Battery.3dshapes/BatteryHolder_Keystone_1060_1x2032.wrl
IO:open:/root/.cache/kicad/9.0/3d/07F52B79C395ED3CB254D4B9DA39D40A.3dc
IO:fopen:r
IO:close:/root/.cache/kicad/9.0/3d/07F52B79C395ED3CB254D4B9DA39D40A.3dc
IO:open:/root/.cache/kibot/3d/Diode_SMD.3dshapes/D_MiniMELF.wrl
IO:fopen64:rb
IO:close:/root/.cache/kibot/3d/Diode_SMD.3dshapes/D_MiniMELF.wrl
IO:open:/root/.cache/kicad/9.0/3d/B9601CD87CC6DDCD9365A6CF09366F50.3dc
IO:fopen:r
IO:close:/root/.cache/kicad/9.0/3d/B9601CD87CC6DDCD9365A6CF09366F50.3dc
IO:open:/root/.cache/kibot/3d/Connector_PinHeader_2.54mm.3dshapes/PinHeader_2x01_P2.54mm_Vertical_SMD.wrl
IO:fopen64:rb
IO:close:/root/.cache/kibot/3d/Connector_PinHeader_2.54mm.3dshapes/PinHeader_2x01_P2.54mm_Vertical_SMD.wrl
IO:open:/root/.cache/kicad/9.0/3d/BC5CBF2F2ABD013D034A3AC1AA4E5B09.3dc
IO:fopen:r
IO:close:/root/.cache/kicad/9.0/3d/BC5CBF2F2ABD013D034A3AC1AA4E5B09.3dc
IO:open:/root/.cache/kibot/3d/Connector_PinHeader_2.54mm.3dshapes/PinHeader_2x04_P2.54mm_Vertical_SMD.wrl
IO:fopen64:rb
IO:close:/root/.cache/kibot/3d/Connector_PinHeader_2.54mm.3dshapes/PinHeader_2x04_P2.54mm_Vertical_SMD.wrl
IO:open:/root/.cache/kicad/9.0/3d/1CF644255C74F6E2D8F27C6C527FA6D7.3dc
IO:fopen:r
IO:close:/root/.cache/kicad/9.0/3d/1CF644255C74F6E2D8F27C6C527FA6D7.3dc
IO:open:/root/.cache/kibot/3d/LED_SMD.3dshapes/LED_1206_3216Metric.wrl
IO:fopen64:rb
IO:close:/root/.cache/kibot/3d/LED_SMD.3dshapes/LED_1206_3216Metric.wrl
IO:open:/root/.cache/kicad/9.0/3d/96717DC6D01A6B226FA6E2C77CA18CC0.3dc
IO:fopen:r
IO:close:/root/.cache/kicad/9.0/3d/96717DC6D01A6B226FA6E2C77CA18CC0.3dc
IO:open:/root/.cache/mesa_shader_cache_db/part0/mesa_cache.idx
IO:open64:0x1A4
IO:open:/root/.cache/mesa_shader_cache_db/part0/mesa_cache.db
IO:open64:0x1A4
IO:close:/root/.cache/mesa_shader_cache_db/part0/mesa_cache.idx
IO:close:/root/.cache/mesa_shader_cache_db/part0/mesa_cache.db
IO:open:/root/.cache/mesa_shader_cache_db/part0/mesa_cache.idx
IO:open64:0x1A4
IO:open:/root/.cache/mesa_shader_cache_db/part0/mesa_cache.db
IO:open64:0x1A4
IO:close:/root/.cache/mesa_shader_cache_db/part0/mesa_cache.idx
IO:close:/root/.cache/mesa_shader_cache_db/part0/mesa_cache.db
IO:open:/root/.cache/mesa_shader_cache_db/part0/mesa_cache.idx
IO:open64:0x1A4
IO:open:/root/.cache/mesa_shader_cache_db/part0/mesa_cache.db
IO:open64:0x1A4
IO:close:/root/.cache/mesa_shader_cache_db/part0/mesa_cache.idx
IO:close:/root/.cache/mesa_shader_cache_db/part0/mesa_cache.db
IO:open:/root/.cache/mesa_shader_cache_db/part0/mesa_cache.idx
IO:open64:0x1A4
IO:open:/root/.cache/mesa_shader_cache_db/part0/mesa_cache.db
IO:open64:0x1A4
IO:close:/root/.cache/mesa_shader_cache_db/part0/mesa_cache.idx
IO:close:/root/.cache/mesa_shader_cache_db/part0/mesa_cache.db
IO:open:/root/.cache/mesa_shader_cache_db/part0/mesa_cache.idx
IO:open64:0x1A4
IO:open:/root/.cache/mesa_shader_cache_db/part0/mesa_cache.db
IO:open64:0x1A4
IO:close:/root/.cache/mesa_shader_cache_db/part0/mesa_cache.idx
IO:close:/root/.cache/mesa_shader_cache_db/part0/mesa_cache.db
IO:open:/root/.cache/mesa_shader_cache_db/part0/mesa_cache.idx
IO:open64:0x1A4
IO:open:/root/.cache/mesa_shader_cache_db/part0/mesa_cache.db
IO:open64:0x1A4
IO:close:/root/.cache/mesa_shader_cache_db/part0/mesa_cache.idx
IO:close:/root/.cache/mesa_shader_cache_db/part0/mesa_cache.db
IO:open:/root/.cache/mesa_shader_cache_db/part0/mesa_cache.idx
IO:open64:0x1A4
IO:open:/root/.cache/mesa_shader_cache_db/part0/mesa_cache.db
IO:open64:0x1A4
IO:close:/root/.cache/mesa_shader_cache_db/part0/mesa_cache.idx
IO:close:/root/.cache/mesa_shader_cache_db/part0/mesa_cache.db
IO:open:/root/.cache/mesa_shader_cache_db/part0/mesa_cache.idx
IO:open64:0x1A4
IO:open:/root/.cache/mesa_shader_cache_db/part0/mesa_cache.db
IO:open64:0x1A4
IO:close:/root/.cache/mesa_shader_cache_db/part0/mesa_cache.idx
IO:close:/root/.cache/mesa_shader_cache_db/part0/mesa_cache.db
IO:open:/root/.cache/mesa_shader_cache_db/part0/mesa_cache.idx
IO:open64:0x1A4
IO:open:/root/.cache/mesa_shader_cache_db/part0/mesa_cache.db
IO:open64:0x1A4
IO:close:/root/.cache/mesa_shader_cache_db/part0/mesa_cache.idx
IO:close:/root/.cache/mesa_shader_cache_db/part0/mesa_cache.db
IO:open:/root/.cache/mesa_shader_cache_db/part0/mesa_cache.idx
IO:open64:0x1A4
IO:open:/root/.cache/mesa_shader_cache_db/part0/mesa_cache.db
IO:open64:0x1A4
IO:close:/root/.cache/mesa_shader_cache_db/part0/mesa_cache.idx
IO:close:/root/.cache/mesa_shader_cache_db/part0/mesa_cache.db
IO:open:/root/.cache/mesa_shader_cache_db/part0/mesa_cache.idx
IO:open64:0x1A4
IO:open:/root/.cache/mesa_shader_cache_db/part0/mesa_cache.db
IO:open64:0x1A4
IO:close:/root/.cache/mesa_shader_cache_db/part0/mesa_cache.idx
IO:close:/root/.cache/mesa_shader_cache_db/part0/mesa_cache.db
IO:open:/root/.cache/mesa_shader_cache_db/part0/mesa_cache.idx
IO:open64:0x1A4
IO:open:/root/.cache/mesa_shader_cache_db/part0/mesa_cache.db
IO:open64:0x1A4
IO:close:/root/.cache/mesa_shader_cache_db/part0/mesa_cache.idx
IO:close:/root/.cache/mesa_shader_cache_db/part0/mesa_cache.db
IO:open:/root/.cache/mesa_shader_cache_db/part0/mesa_cache.idx
IO:open64:0x1A4
IO:open:/root/.cache/mesa_shader_cache_db/part0/mesa_cache.db
IO:open64:0x1A4
IO:close:/root/.cache/mesa_shader_cache_db/part0/mesa_cache.idx
IO:close:/root/.cache/mesa_shader_cache_db/part0/mesa_cache.db
IO:open:/root/.cache/mesa_shader_cache_db/part0/mesa_cache.idx
IO:open64:0x1A4
IO:open:/root/.cache/mesa_shader_cache_db/part0/mesa_cache.db
IO:open64:0x1A4
IO:close:/root/.cache/mesa_shader_cache_db/part0/mesa_cache.idx
IO:close:/root/.cache/mesa_shader_cache_db/part0/mesa_cache.db
IO:open:/root/.cache/mesa_shader_cache_db/part0/mesa_cache.idx
IO:open64:0x1A4
IO:open:/root/.cache/mesa_shader_cache_db/part0/mesa_cache.db
IO:open64:0x1A4
IO:close:/root/.cache/mesa_shader_cache_db/part0/mesa_cache.idx
IO:close:/root/.cache/mesa_shader_cache_db/part0/mesa_cache.db
IO:open:/root/.cache/mesa_shader_cache_db/part0/mesa_cache.idx
IO:open64:0x1A4
IO:open:/root/.cache/mesa_shader_cache_db/part0/mesa_cache.db
IO:open64:0x1A4
IO:close:/root/.cache/mesa_shader_cache_db/part0/mesa_cache.idx
IO:close:/root/.cache/mesa_shader_cache_db/part0/mesa_cache.db
IO:open:/root/.cache/mesa_shader_cache_db/part0/mesa_cache.idx
IO:open64:0x1A4
IO:open:/root/.cache/mesa_shader_cache_db/part0/mesa_cache.db
IO:open64:0x1A4
IO:close:/root/.cache/mesa_shader_cache_db/part0/mesa_cache.idx
IO:close:/root/.cache/mesa_shader_cache_db/part0/mesa_cache.db
IO:open:/root/.cache/mesa_shader_cache_db/part0/mesa_cache.idx
IO:open64:0x1A4
IO:open:/root/.cache/mesa_shader_cache_db/part0/mesa_cache.db
IO:open64:0x1A4
IO:close:/root/.cache/mesa_shader_cache_db/part0/mesa_cache.idx
IO:close:/root/.cache/mesa_shader_cache_db/part0/mesa_cache.db
* wrapping GLX
GLX:Swap 0
GLX:Swap 1
GLX:Swap 2
PANGO:Appearance
PANGO:Selection Filter
PANGO:Pads
PANGO:61
PANGO:Vias
PANGO:152
PANGO:Track Segments
PANGO:193
PANGO:Nets
PANGO:18
PANGO:Unrouted
PANGO:0
PANGO:Layer Display Options
GTK:Label Set Text 2:Export Current View as PNG...
GTK:Label Set Text 2:Export Current View as JPEG...
GTK:Label Set Text 2:Close
GTK:Label Set Text 2:Copy 3D Image
GTK:Label Set Text 2:Zoom In
GTK:Label Set Text 2:Zoom Out
GTK:Label Set Text 2:Zoom to Fit
GTK:Label Set Text 2:Refresh
GTK:Label Set Text 2:No 3D Grid
GTK:Label Set Text 2:3D Grid 10mm
GTK:Label Set Text 2:3D Grid 5mm
GTK:Label Set Text 2:3D Grid 2.5mm
GTK:Label Set Text 2:3D Grid 1mm
GTK:Label Set Text 2:3D Grid
GTK:Label Set Text 2:No 3D Grid
GTK:Label Set Text 2:3D Grid 10mm
GTK:Label Set Text 2:3D Grid 5mm
GTK:Label Set Text 2:3D Grid 2.5mm
GTK:Label Set Text 2:3D Grid 1mm
GTK:Label Set Text 2:Rotate X Clockwise
GTK:Label Set Text 2:Rotate X Counterclockwise
GTK:Label Set Text 2:Rotate Y Clockwise
GTK:Label Set Text 2:Rotate Y Counterclockwise
GTK:Label Set Text 2:Rotate Z Clockwise
GTK:Label Set Text 2:Rotate Z Counterclockwise
GTK:Label Set Text 2:Move Board Left
GTK:Label Set Text 2:Move Board Right
GTK:Label Set Text 2:Move Board Up
GTK:Label Set Text 2:Move Board Down
GTK:Label Set Text 2:Show Appearance Manager
GTK:Label Set Text 2:Raytracing
GTK:Label Set Text 2:Preferences...
GTK:Label Set Text 2:Reset to Default Settings
GTK:Label Set Text 2:Default
GTK:Label Set Text 2:Čeština
GTK:Label Set Text 2:Deutsch
GTK:Label Set Text 2:Ελληνικά
GTK:Label Set Text 2:English
GTK:Label Set Text 2:Español
GTK:Label Set Text 2:Español (Latinoamericano)
GTK:Label Set Text 2:Français
GTK:Label Set Text 2:한국어
GTK:Label Set Text 2:Italiano
GTK:Label Set Text 2:Nederlands
GTK:Label Set Text 2:日本語
GTK:Label Set Text 2:ภาษาไทย
GTK:Label Set Text 2:Polski
GTK:Label Set Text 2:Português
GTK:Label Set Text 2:Português (Brasil)
GTK:Label Set Text 2:Русский
GTK:Label Set Text 2:Suomi
GTK:Label Set Text 2:Svenska
GTK:Label Set Text 2:Українська
GTK:Label Set Text 2:简体中文
GTK:Label Set Text 2:繁體中文
GTK:Label Set Text 2:Set Language
GTK:Label Set Text 2:Default
GTK:Label Set Text 2:Čeština
GTK:Label Set Text 2:Deutsch
GTK:Label Set Text 2:Ελληνικά
GTK:Label Set Text 2:English
GTK:Label Set Text 2:Español
GTK:Label Set Text 2:Español (Latinoamericano)
GTK:Label Set Text 2:Français
GTK:Label Set Text 2:한국어
GTK:Label Set Text 2:Italiano
GTK:Label Set Text 2:Nederlands
GTK:Label Set Text 2:日本語
GTK:Label Set Text 2:ภาษาไทย
GTK:Label Set Text 2:Polski
GTK:Label Set Text 2:Português
GTK:Label Set Text 2:Português (Brasil)
GTK:Label Set Text 2:Русский
GTK:Label Set Text 2:Suomi
GTK:Label Set Text 2:Svenska
GTK:Label Set Text 2:Українська
GTK:Label Set Text 2:简体中文
GTK:Label Set Text 2:繁體中文
GTK:Label Set Text 2:Help
GTK:Label Set Text 2:Getting Started with KiCad
GTK:Label Set Text 2:List Hotkeys...
GTK:Label Set Text 2:Get Involved
GTK:Label Set Text 2:Donate
GTK:Label Set Text 2:Report Bug
GTK:Label Set Text 2:About KiCad
PANGO:File
PANGO:Edit
PANGO:View
PANGO:Preferences
PANGO:Help
GLX:Swap 3
GLX:Swap 4
GLX:Swap 5
GLX:Swap 6
GLX:Swap 7
